TRAIN_NAME,TRAIN,ORIGIN,SERVICE,WAGON_CLASS,NUM_WAGONS,LEG_NUM,version_label,saved_at,version_time
1827THU,1827THUSFT,SFT,5SPB,RQZY,3,1,Original,,
1827THU,1827THUSFT,SFT,5SPT,RRQY,3,1,Original,,
1827THU,1827THUSFT,SFT,NR2,NR,2,1,Original,,
1829SAT,1829SATSFT,SFT,7SPB,RQZY,4,1,Original,,
1829SAT,1829SATSFT,SFT,7SPT,RRQY,4,1,Original,,
1829SAT,1829SATSFT,SFT,NR2,NR,2,1,Original,,
1829WED,1829WEDSFT,SFT,4SPB,RQZY,4,1,Original,,
1829WED,1829WEDSFT,SFT,4SPT,RRQY,4,1,Original,,
1829WED,1829WEDSFT,SFT,NR3,NR,3,1,Original,,
1MP2,1MP2AFT,AFT,1AYLIB,1AYLIB,1,3,Original,,
1MP2,1MP2AFT,AFT,1MP2FUEL,RQSY,1,3,Original,,
1MP2,1MP2AFT,AFT,1MP6,NQTY,2,3,Original,,
1MP2,1MP2AFT,AFT,1MP6,RQJW,7,3,Original,,
1MP2,1MP2AFT,AFT,1MP6,RQSY,2,3,Original,,
1MP2,1MP2AFT,AFT,1MYLIB,1MYLIB,1,3,Original,,
1MP2,1MP2AFT,AFT,7AK5,RQSY,6,3,Original,,
1MP2,1MP2AFT,AFT,7MPINF,5MPINF,1,3,Original,,
1MP2,1MP2AFT,AFT,CREW VAN2,RZAY,2,3,Original,,
1MP2,1MP2AFT,AFT,NR3,NR,3,3,Original,,
1MP2,1MP2MFT,MFT,1MP2FUEL,RQSY,1,1,Original,,
1MP2,1MP2MFT,MFT,1MP6,RQSY,2,1,Original,,
1MP2,1MP2MFT,MFT,1MP6,RQJW,7,1,Original,,
1MP2,1MP2MFT,MFT,1MP6,NQTY,2,1,Original,,
1MP2,1MP2MFT,MFT,1MYLIB,1MYLIB,1,1,Original,,
1MP2,1MP2MFT,MFT,6BA6,RQSY,1,1,Original,,
1MP2,1MP2MFT,MFT,6BA6,RRYY,1,1,Original,,
1MP2,1MP2MFT,MFT,6BA6,SQTY,6,1,Original,,
1MP2,1MP2MFT,MFT,6BA6,RRAY,1,1,Original,,
1MP2,1MP2MFT,MFT,6SA5,RRAY,3,1,Original,,
1MP2,1MP2MFT,MFT,6SA5,SQTY,3,1,Original,,
1MP2,1MP2MFT,MFT,7MPINF,5MPINF,1,1,Original,,
1MP2,1MP2MFT,MFT,NR3,NR,3,1,Original,,
1PM5,1PM5AFT,AFT,1PM5,RQJW,1,5,Original,,
1PM5,1PM5AFT,AFT,1PM5,RQZY,6,5,Original,,
1PM5,1PM5AFT,AFT,1PM5,RRQY,1,5,Original,,
1PM5,1PM5AFT,AFT,1PM5,RRYY,1,5,Original,,
1PM5,1PM5AFT,AFT,1PM5,CQWY,6,5,Original,,
1PM5,1PM5AFT,AFT,1PM5,RQJY,1,5,Original,,
1PM5,1PM5AFT,AFT,1PM5FUEL,RQSY,1,5,Original,,
1PM5,1PM5AFT,AFT,NR2,NR,2,5,Original,,
1PM5,1PM5PFT,PFT,1PA5,RQZY,2,1,Original,,
1PM5,1PM5PFT,PFT,1PA5,RRQY,1,1,Original,,
1PM5,1PM5PFT,PFT,1PAT,RQZYT,2,1,Original,,
1PM5,1PM5PFT,PFT,1PM5,RQJW,1,1,Original,,
1PM5,1PM5PFT,PFT,1PM5,RRYY,1,1,Original,,
1PM5,1PM5PFT,PFT,1PM5,RRQY,1,1,Original,,
1PM5,1PM5PFT,PFT,1PM5,RQJY,1,1,Original,,
1PM5,1PM5PFT,PFT,1PM5,CQWY,6,1,Original,,
1PM5,1PM5PFT,PFT,1PM5,RQZY,6,1,Original,,
1PM5,1PM5PFT,PFT,1PM5FUEL,RQSY,1,1,Original,,
1PM5,1PM5PFT,PFT,1PMTP,RRXYT,1,1,Original,,
1PM5,1PM5PFT,PFT,1PMTP,RQZYT,6,1,Original,,
1PM5,1PM5PFT,PFT,CREW VAN,RZAY,1,1,Original,,
1PM5,1PM5PFT,PFT,NR2,NR,2,1,Original,,
1PS6,1PS6PFT,PFT,1PS6FUEL,RQSY,1,1,Original,,
1PS6,1PS6PFT,PFT,7PB6,RQJW,1,1,Original,,
1PS6,1PS6PFT,PFT,7PB6,RQSY,4,1,Original,,
1PS6,1PS6PFT,PFT,7PB6,RRAY,3,1,Original,,
1PS6,1PS6PFT,PFT,7PG6,RQZYT,1,1,Original,,
1PS6,1PS6PFT,PFT,7PG6,RQZY,1,1,Original,,
1PS6,1PS6PFT,PFT,7PG6,RQSY,2,1,Original,,
1PS6,1PS6PFT,PFT,7PN3,RQSY,3,1,Original,,
1PS6,1PS6PFT,PFT,7PS4,RRAY,4,1,Original,,
1PS6,1PS6PFT,PFT,7PS4,RQJW,4,1,Original,,
1PS6,1PS6PFT,PFT,7PS4,RRYY,1,1,Original,,
1PS6,1PS6PFT,PFT,7PSB,RQZY,4,1,Original,,
1PS6,1PS6PFT,PFT,7PSP,RQZYT,4,1,Original,,
1PS6,1PS6PFT,PFT,CREW VAN2,RZAY,2,1,Original,,
1PS6,1PS6PFT,PFT,NR2,NR,2,1,Original,,
1SB6,1SB6SFT,SFT,2PB6,RRQY,1,1,Original,,
1SB6,1SB6SFT,SFT,2PB6,RQJW,1,1,Original,,
1SB6,1SB6SFT,SFT,2PB6,RQSY,3,1,Original,,
1SB6,1SB6SFT,SFT,2PB6,RRAY,3,1,Original,,
1SB6,1SB6SFT,SFT,3PB6,RRQY,1,1,Original,,
1SB6,1SB6SFT,SFT,3PB6,RQSY,7,1,Original,,
1SB6,1SB6SFT,SFT,3PB6,RRAY,1,1,Original,,
1SB6,1SB6SFT,SFT,4PB6,RQSY,2,1,Original,,
1SB6,1SB6SFT,SFT,4PB6,RRAY,4,1,Original,,
1SB6,1SB6SFT,SFT,7SB1,SQTY,6,1,Original,,
1SB6,1SB6SFT,SFT,7SB1,RQSY,3,1,Original,,
1SB6,1SB6SFT,SFT,7SB1,RRAY,1,1,Original,,
1SB6,1SB6SFT,SFT,NR3,NR,3,1,Original,,
2AM5,2AM5AFT,AFT,2AB6,SQTY,1,1,Original,,
2AM5,2AM5AFT,AFT,2AM5,RRAY,1,1,Original,,
2AM5,2AM5AFT,AFT,2AM5,RQSY,1,1,Original,,
2AM5,2AM5AFT,AFT,2AM5,RQJW,5,1,Original,,
2AM5,2AM5AFT,AFT,2AM5,SQTY,11,1,Original,,
2AM5,2AM5AFT,AFT,2AS6,SQTY,2,1,Original,,
2AM5,2AM5AFT,AFT,6PMT,RQSY,10,1,Original,,
2AM5,2AM5AFT,AFT,6PMT,RRYY,5,1,Original,,
2AM5,2AM5AFT,AFT,NR3,NR,3,1,Original,,
2BM4,2BM4SFT,SFT,2BA6,RQSY,1,2,Original,,
2BM4,2BM4SFT,SFT,2BA6,RRAY,1,2,Original,,
2BM4,2BM4SFT,SFT,2BA6,SQTY,2,2,Original,,
2BM4,2BM4SFT,SFT,2BM4,RQJW,4,2,Original,,
2BM4,2BM4SFT,SFT,2BM4,SQTY,3,2,Original,,
2BM4,2BM4SFT,SFT,2BM4,RRQY,10,2,Original,,
2BM4,2BM4SFT,SFT,2BM4,RRAY,3,2,Original,,
2BM4,2BM4SFT,SFT,NR3,NR,3,2,Original,,
2BM4,2BM4BFT,BFT,2BA6,RQSY,1,1,Original,,
2BM4,2BM4BFT,BFT,2BA6,RRAY,1,1,Original,,
2BM4,2BM4BFT,BFT,2BA6,SQTY,2,1,Original,,
2BM4,2BM4BFT,BFT,2BM4,RQJW,4,1,Original,,
2BM4,2BM4BFT,BFT,2BM4,SQTY,3,1,Original,,
2BM4,2BM4BFT,BFT,2BM4,RRAY,3,1,Original,,
2BM4,2BM4BFT,BFT,2BM4,RRQY,10,1,Original,,
2BM4,2BM4BFT,BFT,NR3,NR,3,1,Original,,
2MA5,2MA5MFT,MFT,2MA5,RQSY,2,1,Original,,
2MA5,2MA5MFT,MFT,2MA5,SQTY,4,1,Original,,
2MA5,2MA5MFT,MFT,2MA5,RRAY,1,1,Original,,
2MA5,2MA5MFT,MFT,2MA5,RQJW,2,1,Original,,
2MA5,2MA5MFT,MFT,2MA5,RRYY,3,1,Original,,
2MA5,2MA5MFT,MFT,2MPT,RRYY,7,1,Original,,
2MA5,2MA5MFT,MFT,2MYLIB,2MYLIB,1,1,Original,,
2MA5,2MA5MFT,MFT,NR3,NR,3,1,Original,,
2MB4,2MB4SFT,SFT,2MB4,RQJW,4,2,Original,,
2MB4,2MB4SFT,SFT,2MB4,SQTY,5,2,Original,,
2MB4,2MB4SFT,SFT,2MB4,RRQY,10,2,Original,,
2MB4,2MB4SFT,SFT,2MB4,RRAY,4,2,Original,,
2MB4,2MB4SFT,SFT,2MB4,RQSY,1,2,Original,,
2MB4,2MB4SFT,SFT,NR3,NR,3,2,Original,,
2MB4,2MB4MFT,MFT,2MB4,SQTY,5,1,Original,,
2MB4,2MB4MFT,MFT,2MB4,RRQY,10,1,Original,,
2MB4,2MB4MFT,MFT,2MB4,RRAY,4,1,Original,,
2MB4,2MB4MFT,MFT,2MB4,RQSY,1,1,Original,,
2MB4,2MB4MFT,MFT,2MB4,RQJW,4,1,Original,,
2MB4,2MB4MFT,MFT,NR3,NR,3,1,Original,,
2MP5,2MP5AFT,AFT,2MP5,RRAY,4,3,Original,,
2MP5,2MP5AFT,AFT,2MP5,RQJW,1,3,Original,,
2MP5,2MP5AFT,AFT,2MP5FUEL,RQSY,1,3,Original,,
2MP5,2MP5AFT,AFT,2MPB,RQZY,4,3,Original,,
2MP5,2MP5AFT,AFT,2MPB,RRQY,1,3,Original,,
2MP5,2MP5AFT,AFT,2MPB,CQWY,6,3,Original,,
2MP5,2MP5AFT,AFT,2MPTA,RRXYT,1,3,Original,,
2MP5,2MP5AFT,AFT,2MPTA,RQZYT,6,3,Original,,
2MP5,2MP5AFT,AFT,3AP5,RQSY,4,3,Original,,
2MP5,2MP5AFT,AFT,3AP5,RRAY,1,3,Original,,
2MP5,2MP5AFT,AFT,3AP8,RMEY,1,3,Original,,
2MP5,2MP5AFT,AFT,3AP8,RMOY,2,3,Original,,
2MP5,2MP5AFT,AFT,3APB,RQZY,2,3,Original,,
2MP5,2MP5AFT,AFT,3APT,RQZYT,2,3,Original,,
2MP5,2MP5AFT,AFT,CREW VAN,RZAY,1,3,Original,,
2MP5,2MP5AFT,AFT,NR2,NR,2,3,Original,,
2MP5,2MP5MFT,MFT,2MP5,RQJW,1,1,Original,,
2MP5,2MP5MFT,MFT,2MP5,RRAY,4,1,Original,,
2MP5,2MP5MFT,MFT,2MP5FUEL,RQSY,1,1,Original,,
2MP5,2MP5MFT,MFT,2MPB,RQZY,4,1,Original,,
2MP5,2MP5MFT,MFT,2MPB,RRQY,1,1,Original,,
2MP5,2MP5MFT,MFT,2MPB,CQWY,6,1,Original,,
2MP5,2MP5MFT,MFT,NR2,NR,2,1,Original,,
2NY3,2NY3SFT,SFT,2NYLIB,2NYLIB,1,2,Original,,
2NY3,2NY3SFT,SFT,7BYLIB,7BYLIB,1,2,Original,,
2NY3,2NY3SFT,SFT,7PBATM,7PBATM,1,2,Original,,
2NY3,2NY3SFT,SFT,NR2,NR,2,2,Original,,
2PM5,2PM5AFT,AFT,2PM5,RQSY,8,3,Original,,
2PM5,2PM5AFT,AFT,2PM5,RQZY,2,3,Original,,
2PM5,2PM5AFT,AFT,2PM5,RQLY,2,3,Original,,
2PM5,2PM5AFT,AFT,2PM5,RQJY,3,3,Original,,
2PM5,2PM5AFT,AFT,2PM5,RQJW,3,3,Original,,
2PM5,2PM5AFT,AFT,2PM5,CQWY,6,3,Original,,
2PM5,2PM5AFT,AFT,2PM5,RRQY,1,3,Original,,
2PM5,2PM5AFT,AFT,2PM5FUEL,RQSY,1,3,Original,,
2PM5,2PM5AFT,AFT,NR2,NR,2,3,Original,,
2PM5,2PM5PFT,PFT,2PA5,RRXY,1,1,Original,,
2PM5,2PM5PFT,PFT,2PA5,RQSY,2,1,Original,,
2PM5,2PM5PFT,PFT,2PA5,RQZY,2,1,Original,,
2PM5,2PM5PFT,PFT,2PA8,RMOY,2,1,Original,,
2PM5,2PM5PFT,PFT,2PA8,RMEY,1,1,Original,,
2PM5,2PM5PFT,PFT,2PAH,RQZYT,5,1,Original,,
2PM5,2PM5PFT,PFT,2PM5,RQLY,2,1,Original,,
2PM5,2PM5PFT,PFT,2PM5,RQZY,2,1,Original,,
2PM5,2PM5PFT,PFT,2PM5,RQJY,3,1,Original,,
2PM5,2PM5PFT,PFT,2PM5,RQSY,8,1,Original,,
2PM5,2PM5PFT,PFT,2PM5,RQJW,3,1,Original,,
2PM5,2PM5PFT,PFT,2PM5,CQWY,6,1,Original,,
2PM5,2PM5PFT,PFT,2PM5,RRQY,1,1,Original,,
2PM5,2PM5PFT,PFT,2PM5FUEL,RQSY,1,1,Original,,
2PM5,2PM5PFT,PFT,CREW VAN,RZAY,1,1,Original,,
2PM5,2PM5PFT,PFT,NR2,NR,2,1,Original,,
2PM6,2PM6AFT,AFT,2PM6,RRQY,2,4,Original,,
2PM6,2PM6AFT,AFT,2PM6,RQZY,5,4,Original,,
2PM6,2PM6AFT,AFT,2PM6,RQSY,1,4,Original,,
2PM6,2PM6AFT,AFT,2PM6,RQJY,2,4,Original,,
2PM6,2PM6AFT,AFT,2PM6,RQJW,4,4,Original,,
2PM6,2PM6AFT,AFT,2PM6,CQWY,8,4,Original,,
2PM6,2PM6AFT,AFT,2PM6FUEL,RQSY,1,4,Original,,
2PM6,2PM6AFT,AFT,NR3,NR,3,4,Original,,
2PM6,2PM6PFT,PFT,2PA6,RQSY,2,1,Original,,
2PM6,2PM6PFT,PFT,2PA6,RQZY,2,1,Original,,
2PM6,2PM6PFT,PFT,2PAT,RQZYT,9,1,Original,,
2PM6,2PM6PFT,PFT,2PM6,CQWY,8,1,Original,,
2PM6,2PM6PFT,PFT,2PM6,RQJW,4,1,Original,,
2PM6,2PM6PFT,PFT,2PM6,RQSY,1,1,Original,,
2PM6,2PM6PFT,PFT,2PM6,RQZY,5,1,Original,,
2PM6,2PM6PFT,PFT,2PM6,RRQY,2,1,Original,,
2PM6,2PM6PFT,PFT,2PM6,RQJY,2,1,Original,,
2PM6,2PM6PFT,PFT,2PM6FUEL,RQSY,1,1,Original,,
2PM6,2PM6PFT,PFT,CREW VAN,RZAY,1,1,Original,,
2PM6,2PM6PFT,PFT,NR2,NR,2,1,Original,,
2PS7,2PS7PFT,PFT,2PB6,RRQY,1,1,Original,,
2PS7,2PS7PFT,PFT,2PB6,RRAY,3,1,Original,,
2PS7,2PS7PFT,PFT,2PB6,RQSY,3,1,Original,,
2PS7,2PS7PFT,PFT,2PB6,RQJW,1,1,Original,,
2PS7,2PS7PFT,PFT,2PS7,RQJW,6,1,Original,,
2PS7,2PS7PFT,PFT,2PS7,RQSY,6,1,Original,,
2PS7,2PS7PFT,PFT,2PS7,RRQY,2,1,Original,,
2PS7,2PS7PFT,PFT,2PS7FUEL,RQSY,1,1,Original,,
2PS7,2PS7PFT,PFT,2PSE,RRQY,3,1,Original,,
2PS7,2PS7PFT,PFT,2PSE,RRAY,1,1,Original,,
2PS7,2PS7PFT,PFT,2PSEE,RQSY,1,1,Original,,
2PS7,2PS7PFT,PFT,2PSP,RQJW,1,1,Original,,
2PS7,2PS7PFT,PFT,2PSP,RRAY,5,1,Original,,
2PS7,2PS7PFT,PFT,NR2,NR,2,1,Original,,
2SP7,2SP7SFT,SFT,2SP2,RQSY,1,1,Original,,
2SP7,2SP7SFT,SFT,2SP2,RRQY,1,1,Original,,
2SP7,2SP7SFT,SFT,2SP2,RRYY,2,1,Original,,
2SP7,2SP7SFT,SFT,2SP7FUEL,RQSY,1,1,Original,,
2SP7,2SP7SFT,SFT,2SPE,RRQY,3,1,Original,,
2SP7,2SP7SFT,SFT,2SPS,RRQY,1,1,Original,,
2SP7,2SP7SFT,SFT,7BP5,RRAY,2,1,Original,,
2SP7,2SP7SFT,SFT,7BP5,RQSY,6,1,Original,,
2SP7,2SP7SFT,SFT,NR4,NR,4,1,Original,,
3AM5,3AM5AFT,AFT,3AB6,SQTY,1,1,Original,,
3AM5,3AM5AFT,AFT,3AM5,RRYY,3,1,Original,,
3AM5,3AM5AFT,AFT,3AM5,RQSY,1,1,Original,,
3AM5,3AM5AFT,AFT,3AS6,RRAY,3,1,Original,,
3AM5,3AM5AFT,AFT,3AS6,SQTY,5,1,Original,,
3AM5,3AM5AFT,AFT,7PMT,RRYY,7,1,Original,,
3AM5,3AM5AFT,AFT,NR3,NR,3,1,Original,,
3AX5,3AX5AFT,AFT,2MYLIB,2MYLIB,1,1,Original,,
3AX5,3AX5AFT,AFT,3AG6,RQSY,5,1,Original,,
3AX5,3AX5AFT,AFT,3ANATM,3ANATM,1,1,Original,,
3AX5,3AX5AFT,AFT,3ANINF,3ANINF,1,1,Original,,
3AX5,3AX5AFT,AFT,3AP6,RQJY,2,1,Original,,
3AX5,3AX5AFT,AFT,3AP6,RRQY,1,1,Original,,
3AX5,3AX5AFT,AFT,3AYLIB,3AYLIB,1,1,Original,,
3AX5,3AX5AFT,AFT,NR1,NR,1,1,Original,,
3BM4,3BM4SFT,SFT,3BA6,SQTY,2,2,Original,,
3BM4,3BM4SFT,SFT,3BA6,RRAY,1,2,Original,,
3BM4,3BM4SFT,SFT,3BA6,RQSY,2,2,Original,,
3BM4,3BM4SFT,SFT,3BE2,RQJW,4,2,Original,,
3BM4,3BM4SFT,SFT,3BM4,RRQY,10,2,Original,,
3BM4,3BM4SFT,SFT,3BM4,RQJW,4,2,Original,,
3BM4,3BM4SFT,SFT,3BM4,RRAY,3,2,Original,,
3BM4,3BM4SFT,SFT,3BM4,RQSY,1,2,Original,,
3BM4,3BM4SFT,SFT,NR3,NR,3,2,Original,,
3BM4,3BM4BFT,BFT,3BA6,SQTY,2,1,Original,,
3BM4,3BM4BFT,BFT,3BA6,RRAY,1,1,Original,,
3BM4,3BM4BFT,BFT,3BA6,RQSY,2,1,Original,,
3BM4,3BM4BFT,BFT,3BE2,RQJW,4,1,Original,,
3BM4,3BM4BFT,BFT,3BM4,RRQY,10,1,Original,,
3BM4,3BM4BFT,BFT,3BM4,RQSY,1,1,Original,,
3BM4,3BM4BFT,BFT,3BM4,RQJW,4,1,Original,,
3BM4,3BM4BFT,BFT,3BM4,RRAY,3,1,Original,,
3BM4,3BM4BFT,BFT,NR3,NR,3,1,Original,,
3BS6,3BS6BFT,BFT,3BP5,RQJW,1,1,Original,,
3BS6,3BS6BFT,BFT,3BP5,RRAY,3,1,Original,,
3BS6,3BS6BFT,BFT,3BP5,RQSY,4,1,Original,,
3BS6,3BS6BFT,BFT,3BS6,RQJW,7,1,Original,,
3BS6,3BS6BFT,BFT,3BS6,RQSY,5,1,Original,,
3BS6,3BS6BFT,BFT,3BS6,RRAY,1,1,Original,,
3BS6,3BS6BFT,BFT,3BS6,SQTY,1,1,Original,,
3BS6,3BS6BFT,BFT,3BYLIB,3BYLIB,1,1,Original,,
3BS6,3BS6BFT,BFT,NR3,NR,3,1,Original,,
3MA5,3MA5MFT,MFT,3MA5,RQJW,5,1,Original,,
3MA5,3MA5MFT,MFT,3MA5,RRYY,4,1,Original,,
3MA5,3MA5MFT,MFT,3MA5,SQTY,6,1,Original,,
3MA5,3MA5MFT,MFT,3MA5,RRAY,1,1,Original,,
3MA5,3MA5MFT,MFT,3MA5,RQSY,2,1,Original,,
3MA5,3MA5MFT,MFT,3MPT,RRYY,7,1,Original,,
3MA5,3MA5MFT,MFT,NR3,NR,3,1,Original,,
3MB4,3MB4SFT,SFT,2AB6,SQTY,1,2,Original,,
3MB4,3MB4SFT,SFT,3MB4,RQJW,4,2,Original,,
3MB4,3MB4SFT,SFT,3MB4,SQTY,6,2,Original,,
3MB4,3MB4SFT,SFT,3MB4,RRQY,10,2,Original,,
3MB4,3MB4SFT,SFT,3MB4,RRAY,3,2,Original,,
3MB4,3MB4SFT,SFT,NR3,NR,3,2,Original,,
3MB4,3MB4MFT,MFT,2AB6,SQTY,1,1,Original,,
3MB4,3MB4MFT,MFT,3MB4,RQJW,4,1,Original,,
3MB4,3MB4MFT,MFT,3MB4,SQTY,6,1,Original,,
3MB4,3MB4MFT,MFT,3MB4,RRAY,3,1,Original,,
3MB4,3MB4MFT,MFT,3MB4,RRQY,10,1,Original,,
3MB4,3MB4MFT,MFT,NR3,NR,3,1,Original,,
3MB5,3MB5SFT,SFT,3MB6,RRAY,4,3,Original,,
3MB5,3MB5SFT,SFT,3MB6,SQTY,5,3,Original,,
3MB5,3MB5SFT,SFT,NR3,NR,3,3,Original,,
3MB5,3MB5MFT,MFT,2AS6,SQTY,2,1,Original,,
3MB5,3MB5MFT,MFT,2MNINF,2MNINF,1,1,Original,,
3MB5,3MB5MFT,MFT,3MB6,RRAY,4,1,Original,,
3MB5,3MB5MFT,MFT,3MB6,SQTY,5,1,Original,,
3MB5,3MB5MFT,MFT,3MNQ,RQSY,5,1,Original,,
3MB5,3MB5MFT,MFT,3MS4,RRAY,2,1,Original,,
3MB5,3MB5MFT,MFT,3MS4,RQSY,1,1,Original,,
3MB5,3MB5MFT,MFT,3MS4,RQJW,7,1,Original,,
3MB5,3MB5MFT,MFT,3MS4,RKLY,3,1,Original,,
3MB5,3MB5MFT,MFT,NR3,NR,3,1,Original,,
3MP5,3MP5AFT,AFT,3MP5,RQJW,2,3,Original,,
3MP5,3MP5AFT,AFT,3MP5,RRQY,3,3,Original,,
3MP5,3MP5AFT,AFT,3MP5FUEL,RQSY,1,3,Original,,
3MP5,3MP5AFT,AFT,3MPB,CQWY,6,3,Original,,
3MP5,3MP5AFT,AFT,3MPB,RRQY,2,3,Original,,
3MP5,3MP5AFT,AFT,3MPB,RQZY,4,3,Original,,
3MP5,3MP5AFT,AFT,3MPTA,RQZYT,6,3,Original,,
3MP5,3MP5AFT,AFT,3MPTA,RRXYT,1,3,Original,,
3MP5,3MP5AFT,AFT,4AP5,RQSY,3,3,Original,,
3MP5,3MP5AFT,AFT,4AP9,RMOY,2,3,Original,,
3MP5,3MP5AFT,AFT,4AP9,RMEY,1,3,Original,,
3MP5,3MP5AFT,AFT,4APB,RQZY,1,3,Original,,
3MP5,3MP5AFT,AFT,4APB,RRXY,1,3,Original,,
3MP5,3MP5AFT,AFT,4APT,RQZYT,2,3,Original,,
3MP5,3MP5AFT,AFT,CREW VAN,RZAY,1,3,Original,,
3MP5,3MP5AFT,AFT,NR2,NR,2,3,Original,,
3MP5,3MP5MFT,MFT,3MP5,RRQY,3,1,Original,,
3MP5,3MP5MFT,MFT,3MP5,RQJW,2,1,Original,,
3MP5,3MP5MFT,MFT,3MP5FUEL,RQSY,1,1,Original,,
3MP5,3MP5MFT,MFT,3MPB,RRQY,2,1,Original,,
3MP5,3MP5MFT,MFT,3MPB,CQWY,6,1,Original,,
3MP5,3MP5MFT,MFT,3MPB,RQZY,4,1,Original,,
3MP5,3MP5MFT,MFT,NR3,NR,3,1,Original,,
3NY3,3NY3SFT,SFT,3NYLIB,3NYLIB,1,2,Original,,
3NY3,3NY3SFT,SFT,3NYM,RQSY,3,2,Original,,
3NY3,3NY3SFT,SFT,NR2,NR,2,2,Original,,
3PM6,3PM6AFT,AFT,3PM6,CQWY,6,3,Original,,
3PM6,3PM6AFT,AFT,3PM6,RQJW,1,3,Original,,
3PM6,3PM6AFT,AFT,3PM6,RQJY,2,3,Original,,
3PM6,3PM6AFT,AFT,3PM6,RQZY,4,3,Original,,
3PM6,3PM6AFT,AFT,3PM6,RRAY,5,3,Original,,
3PM6,3PM6AFT,AFT,3PM6FUEL,RQSY,1,3,Original,,
3PM6,3PM6AFT,AFT,NR3,NR,3,3,Original,,
3PM6,3PM6PFT,PFT,3PA6,RRXY,1,1,Original,,
3PM6,3PM6PFT,PFT,3PA8,RMOY,2,1,Original,,
3PM6,3PM6PFT,PFT,3PA8,RMEY,1,1,Original,,
3PM6,3PM6PFT,PFT,3PAT,RQZYT,6,1,Original,,
3PM6,3PM6PFT,PFT,3PM6,RRAY,5,1,Original,,
3PM6,3PM6PFT,PFT,3PM6,RQZY,4,1,Original,,
3PM6,3PM6PFT,PFT,3PM6,RQJY,2,1,Original,,
3PM6,3PM6PFT,PFT,3PM6,RQJW,1,1,Original,,
3PM6,3PM6PFT,PFT,3PM6,CQWY,6,1,Original,,
3PM6,3PM6PFT,PFT,3PM6FUEL,RQSY,1,1,Original,,
3PM6,3PM6PFT,PFT,CREW VAN,RZAY,1,1,Original,,
3PM6,3PM6PFT,PFT,NR2,NR,2,1,Original,,
3PM7,3PM7AFT,AFT,3PM7,RQSY,3,3,Original,,
3PM7,3PM7AFT,AFT,3PM7,RRQY,2,3,Original,,
3PM7,3PM7AFT,AFT,3PM7FUEL,RQSY,1,3,Original,,
3PM7,3PM7AFT,AFT,3PME,RRAY,1,3,Original,,
3PM7,3PM7AFT,AFT,3PME,RRQY,5,3,Original,,
3PM7,3PM7AFT,AFT,3PMEE,RRQY,1,3,Original,,
3PM7,3PM7AFT,AFT,3PMP,RRAY,7,3,Original,,
3PM7,3PM7AFT,AFT,3PMP,RRQY,2,3,Original,,
3PM7,3PM7AFT,AFT,NR3,NR,3,3,Original,,
3PM7,3PM7PFT,PFT,3PAE,RRQY,2,1,Original,,
3PM7,3PM7PFT,PFT,3PAP,RRQY,1,1,Original,,
3PM7,3PM7PFT,PFT,3PAP,RQSY,2,1,Original,,
3PM7,3PM7PFT,PFT,3PM7,RRQY,2,1,Original,,
3PM7,3PM7PFT,PFT,3PM7,RQSY,3,1,Original,,
3PM7,3PM7PFT,PFT,3PM7FUEL,RQSY,1,1,Original,,
3PM7,3PM7PFT,PFT,3PME,RRQY,5,1,Original,,
3PM7,3PM7PFT,PFT,3PME,RRAY,1,1,Original,,
3PM7,3PM7PFT,PFT,3PMEE,RRQY,1,1,Original,,
3PM7,3PM7PFT,PFT,3PMP,RRAY,7,1,Original,,
3PM7,3PM7PFT,PFT,3PMP,RRQY,2,1,Original,,
3PM7,3PM7PFT,PFT,CREW VAN,RZAY,1,1,Original,,
3PM7,3PM7PFT,PFT,NR2,NR,2,1,Original,,
3PS7,3PS7PFT,PFT,3PB6,RRQY,1,1,Original,,
3PS7,3PS7PFT,PFT,3PB6,RRAY,1,1,Original,,
3PS7,3PS7PFT,PFT,3PB6,RQSY,7,1,Original,,
3PS7,3PS7PFT,PFT,3PG6,RQZYT,1,1,Original,,
3PS7,3PS7PFT,PFT,3PG6,RQZY,1,1,Original,,
3PS7,3PS7PFT,PFT,3PG6,RRQY,1,1,Original,,
3PS7,3PS7PFT,PFT,3PS7FUEL,RQSY,1,1,Original,,
3PS7,3PS7PFT,PFT,3PSB,RQZY,4,1,Original,,
3PS7,3PS7PFT,PFT,3PSE,RRQY,2,1,Original,,
3PS7,3PS7PFT,PFT,3PSE,RQJW,2,1,Original,,
3PS7,3PS7PFT,PFT,3PSE,RQSY,1,1,Original,,
3PS7,3PS7PFT,PFT,3PSEE,RQSY,1,1,Original,,
3PS7,3PS7PFT,PFT,3PSH,RQZYT,4,1,Original,,
3PS7,3PS7PFT,PFT,3PSP,RRQY,1,1,Original,,
3PS7,3PS7PFT,PFT,3PSP,RRYY,3,1,Original,,
3PS7,3PS7PFT,PFT,NR2,NR,2,1,Original,,
3SB5,3SB5SFT,SFT,3SB5,RRAY,6,1,Original,,
3SB5,3SB5SFT,SFT,3SB5,SQTY,1,1,Original,,
3SB5,3SB5SFT,SFT,3SB5,RQJW,5,1,Original,,
3SB5,3SB5SFT,SFT,3SB5,RQSY,7,1,Original,,
3SB5,3SB5SFT,SFT,5PB6,RQSY,1,1,Original,,
3SB5,3SB5SFT,SFT,5PB6,RRAY,4,1,Original,,
3SB5,3SB5SFT,SFT,5PB6,RRQY,1,1,Original,,
3SB5,3SB5SFT,SFT,6PB6,RRAY,1,1,Original,,
3SB5,3SB5SFT,SFT,NR3,NR,3,1,Original,,
3SM2,3SM2SFT,SFT,2NMQ,RQSY,5,1,Original,,
3SM2,3SM2SFT,SFT,3NMATM,3MNATM,1,1,Original,,
3SM2,3SM2SFT,SFT,3NMATM,3NMATM,1,1,Original,,
3SM2,3SM2SFT,SFT,3NMINF,3NMINF,1,1,Original,,
3SM2,3SM2SFT,SFT,3SA5,RQJW,1,1,Original,,
3SM2,3SM2SFT,SFT,3SA5,RRAY,3,1,Original,,
3SM2,3SM2SFT,SFT,3SA5,SQTY,2,1,Original,,
3SM2,3SM2SFT,SFT,3SM5,SQTY,2,1,Original,,
3SM2,3SM2SFT,SFT,3SM5,RKLY,4,1,Original,,
3SM2,3SM2SFT,SFT,3SM5,RQSY,1,1,Original,,
3SM2,3SM2SFT,SFT,3SM5,RRAY,2,1,Original,,
3SM2,3SM2SFT,SFT,6BM6,RRAY,2,1,Original,,
3SM2,3SM2SFT,SFT,6BM6,RQJW,1,1,Original,,
3SM2,3SM2SFT,SFT,6BM6,RQSY,1,1,Original,,
3SM2,3SM2SFT,SFT,NR4,NR,4,1,Original,,
3SP7,3SP7SFT,SFT,3SP2,RRQY,5,1,Original,,
3SP7,3SP7SFT,SFT,3SP7FUEL,RQSY,1,1,Original,,
3SP7,3SP7SFT,SFT,3SPE,RRQY,3,1,Original,,
3SP7,3SP7SFT,SFT,3SPS,RRQY,2,1,Original,,
3SP7,3SP7SFT,SFT,NR4,NR,4,1,Original,,
4AM5,4AM5AFT,AFT,1PMT,RRYY,7,1,Original,,
4AM5,4AM5AFT,AFT,4AB6,RQSY,4,1,Original,,
4AM5,4AM5AFT,AFT,4AB6,RRAY,2,1,Original,,
4AM5,4AM5AFT,AFT,4AB6,RRYY,1,1,Original,,
4AM5,4AM5AFT,AFT,4AM5,RQSY,2,1,Original,,
4AM5,4AM5AFT,AFT,4AM5,SQTY,4,1,Original,,
4AM5,4AM5AFT,AFT,4AM5,RRAY,1,1,Original,,
4AM5,4AM5AFT,AFT,4AM5,RQJW,5,1,Original,,
4AM5,4AM5AFT,AFT,4AM5,RRYY,4,1,Original,,
4AM5,4AM5AFT,AFT,NR2/BANKER,3K,1,1,Original,,
4AM5,4AM5AFT,AFT,NR2/BANKER,NR,2,1,Original,,
4BM4,4BM4SFT,SFT,4BM4,RQJW,4,2,Original,,
4BM4,4BM4SFT,SFT,4BM4,SQTY,5,2,Original,,
4BM4,4BM4SFT,SFT,4BM4,RRQY,10,2,Original,,
4BM4,4BM4SFT,SFT,4BM4,RRAY,4,2,Original,,
4BM4,4BM4SFT,SFT,4BM4,RQSY,1,2,Original,,
4BM4,4BM4SFT,SFT,NR3,NR,3,2,Original,,
4BM4,4BM4BFT,BFT,4BM4,SQTY,5,1,Original,,
4BM4,4BM4BFT,BFT,4BM4,RRQY,10,1,Original,,
4BM4,4BM4BFT,BFT,4BM4,RRAY,4,1,Original,,
4BM4,4BM4BFT,BFT,4BM4,RQSY,1,1,Original,,
4BM4,4BM4BFT,BFT,4BM4,RQJW,4,1,Original,,
4BM4,4BM4BFT,BFT,NR3,NR,3,1,Original,,
4BS4,4BS4BFT,BFT,4BN6,RQSY,6,1,Original,,
4BS4,4BS4BFT,BFT,4BNATM,4BNATM,1,1,Original,,
4BS4,4BS4BFT,BFT,4BNINF,4BNINF,1,1,Original,,
4BS4,4BS4BFT,BFT,4BNM,RQSY,6,1,Original,,
4BS4,4BS4BFT,BFT,4BP5,RRAY,5,1,Original,,
4BS4,4BS4BFT,BFT,4BP5,RRQY,1,1,Original,,
4BS4,4BS4BFT,BFT,4BP5,RQSY,1,1,Original,,
4BS4,4BS4BFT,BFT,4BP5,RQJW,4,1,Original,,
4BS4,4BS4BFT,BFT,4BSATM,4BSATM,1,1,Original,,
4BS4,4BS4BFT,BFT,4BYLIBR,4BYLIBR,1,1,Original,,
4BS4,4BS4BFT,BFT,NR3,NR,3,1,Original,,
4MA5,4MA5MFT,MFT,2BA6,RRAY,1,1,Original,,
4MA5,4MA5MFT,MFT,2BA6,SQTY,2,1,Original,,
4MA5,4MA5MFT,MFT,2BA6,RQSY,1,1,Original,,
4MA5,4MA5MFT,MFT,3SA5,SQTY,2,1,Original,,
4MA5,4MA5MFT,MFT,3SA5,RRAY,3,1,Original,,
4MA5,4MA5MFT,MFT,3SA5,RQJW,1,1,Original,,
4MA5,4MA5MFT,MFT,4MA5,SQTY,10,1,Original,,
4MA5,4MA5MFT,MFT,4MPT,RRQY,1,1,Original,,
4MA5,4MA5MFT,MFT,4MPT,RRYY,5,1,Original,,
4MA5,4MA5MFT,MFT,NR2,NR,2,1,Original,,
4MB4,4MB4SFT,SFT,3AB6,SQTY,1,2,Original,,
4MB4,4MB4SFT,SFT,4MB4,SQTY,6,2,Original,,
4MB4,4MB4SFT,SFT,4MB4,RRQY,10,2,Original,,
4MB4,4MB4SFT,SFT,4MB4,RRAY,3,2,Original,,
4MB4,4MB4SFT,SFT,4MB4,RQJW,4,2,Original,,
4MB4,4MB4SFT,SFT,NR3,NR,3,2,Original,,
4MB4,4MB4MFT,MFT,3AB6,SQTY,1,1,Original,,
4MB4,4MB4MFT,MFT,4MB4,SQTY,6,1,Original,,
4MB4,4MB4MFT,MFT,4MB4,RRQY,10,1,Original,,
4MB4,4MB4MFT,MFT,4MB4,RQJW,4,1,Original,,
4MB4,4MB4MFT,MFT,4MB4,RRAY,3,1,Original,,
4MB4,4MB4MFT,MFT,NR3,NR,3,1,Original,,
4MP5,4MP5AFT,AFT,4MP5,RQJW,4,3,Original,,
4MP5,4MP5AFT,AFT,4MP5,RRQY,3,3,Original,,
4MP5,4MP5AFT,AFT,4MP5FUEL,RQSY,1,3,Original,,
4MP5,4MP5AFT,AFT,4MPB,RQZY,4,3,Original,,
4MP5,4MP5AFT,AFT,4MPB,CQWY,6,3,Original,,
4MP5,4MP5AFT,AFT,4MPB,RRQY,2,3,Original,,
4MP5,4MP5AFT,AFT,4MPTA,RQZYT,6,3,Original,,
4MP5,4MP5AFT,AFT,4MPTA,RRXYT,1,3,Original,,
4MP5,4MP5AFT,AFT,5AP5,RQSY,3,3,Original,,
4MP5,4MP5AFT,AFT,5AP9,RMOY,2,3,Original,,
4MP5,4MP5AFT,AFT,5AP9,RMEY,1,3,Original,,
4MP5,4MP5AFT,AFT,5APB,RQZY,2,3,Original,,
4MP5,4MP5AFT,AFT,5APT,RQZYT,2,3,Original,,
4MP5,4MP5AFT,AFT,CREW VAN,RZAY,1,3,Original,,
4MP5,4MP5AFT,AFT,NR2,NR,2,3,Original,,
4MP5,4MP5MFT,MFT,4MP5,RRQY,3,1,Original,,
4MP5,4MP5MFT,MFT,4MP5,RQJW,4,1,Original,,
4MP5,4MP5MFT,MFT,4MP5FUEL,RQSY,1,1,Original,,
4MP5,4MP5MFT,MFT,4MPB,CQWY,6,1,Original,,
4MP5,4MP5MFT,MFT,4MPB,RRQY,2,1,Original,,
4MP5,4MP5MFT,MFT,4MPB,RQZY,4,1,Original,,
4MP5,4MP5MFT,MFT,NR3,NR,3,1,Original,,
4MP7,4MP7MFT,MFT,3MP2,RRQY,3,1,Original,,
4MP7,4MP7MFT,MFT,3MPE,RRQY,3,1,Original,,
4MP7,4MP7MFT,MFT,3MPM,RRAY,4,1,Original,,
4MP7,4MP7MFT,MFT,NR3,NR,3,1,Original,,
4MP7,4MP7AFT,AFT,3MP2,RRQY,3,2,Original,,
4MP7,4MP7AFT,AFT,3MPE,RRQY,3,2,Original,,
4MP7,4MP7AFT,AFT,3MPM,RRAY,4,2,Original,,
4MP7,4MP7AFT,AFT,NR3,NR,3,2,Original,,
4MS2,4MS2MFT,MFT,3AS6,RRAY,3,1,Original,,
4MS2,4MS2MFT,MFT,3AS6,SQTY,5,1,Original,,
4MS2,4MS2MFT,MFT,4MB6,RQJW,1,1,Original,,
4MS2,4MS2MFT,MFT,4MB6,RQSY,1,1,Original,,
4MS2,4MS2MFT,MFT,4MB6,RRAY,2,1,Original,,
4MS2,4MS2MFT,MFT,4MNQ,RQSY,5,1,Original,,
4MS2,4MS2MFT,MFT,4MS4,RRAY,2,1,Original,,
4MS2,4MS2MFT,MFT,4MS4,RKLY,1,1,Original,,
4MS2,4MS2MFT,MFT,4MS4,RQSY,1,1,Original,,
4MS2,4MS2MFT,MFT,4MS4,SQTY,1,1,Original,,
4MS2,4MS2MFT,MFT,4MS4,RQJW,3,1,Original,,
4MS2,4MS2MFT,MFT,NR3,NR,3,1,Original,,
4NY3,4NY3SFT,SFT,4NPATM,4NPATM,1,2,Original,,
4NY3,4NY3SFT,SFT,4NYLIB,4NYLIB,1,2,Original,,
4NY3,4NY3SFT,SFT,NR3,NR,3,2,Original,,
4PM6,4PM6AFT,AFT,4PM4,RRQY,1,4,Original,,
4PM6,4PM6AFT,AFT,4PM4,RQSY,2,4,Original,,
4PM6,4PM6AFT,AFT,4PM4,RQJW,9,4,Original,,
4PM6,4PM6AFT,AFT,4PM4,NQTY,2,4,Original,,
4PM6,4PM6AFT,AFT,4PM6FUEL,RQSY,1,4,Original,,
4PM6,4PM6AFT,AFT,4PMINF2,4PMINF2,1,4,Original,,
4PM6,4PM6AFT,AFT,NR3,NR,3,4,Original,,
4PM6,4PM6PFT,PFT,3PYLIB,3PYLIB,1,1,Original,,
4PM6,4PM6PFT,PFT,4PA1,RRQY,1,1,Original,,
4PM6,4PM6PFT,PFT,4PA1,RQSY,5,1,Original,,
4PM6,4PM6PFT,PFT,4PA1,RQJY,2,1,Original,,
4PM6,4PM6PFT,PFT,4PA8,RMOY,2,1,Original,,
4PM6,4PM6PFT,PFT,4PA8,RMEY,1,1,Original,,
4PM6,4PM6PFT,PFT,4PM4,RQJW,9,1,Original,,
4PM6,4PM6PFT,PFT,4PM4,RQSY,2,1,Original,,
4PM6,4PM6PFT,PFT,4PM4,RRQY,1,1,Original,,
4PM6,4PM6PFT,PFT,4PM4,NQTY,2,1,Original,,
4PM6,4PM6PFT,PFT,4PM6FUEL,RQSY,1,1,Original,,
4PM6,4PM6PFT,PFT,4PMINF2,4PMINF2,1,1,Original,,
4PM6,4PM6PFT,PFT,4PNATM,4PNATM,1,1,Original,,
4PM6,4PM6PFT,PFT,CREW VAN,RZAY,1,1,Original,,
4PM6,4PM6PFT,PFT,NR2,NR,2,1,Original,,
4PS6,4PS6PFT,PFT,4PB6,RRAY,4,1,Original,,
4PS6,4PS6PFT,PFT,4PB6,RQSY,2,1,Original,,
4PS6,4PS6PFT,PFT,4PG6,RRQY,2,1,Original,,
4PS6,4PS6PFT,PFT,4PN2,RQSY,3,1,Original,,
4PS6,4PS6PFT,PFT,4PNINF,4PNINF,1,1,Original,,
4PS6,4PS6PFT,PFT,4PS5,RRAY,3,1,Original,,
4PS6,4PS6PFT,PFT,4PS5,RRQY,3,1,Original,,
4PS6,4PS6PFT,PFT,4PS5,RRYY,1,1,Original,,
4PS6,4PS6PFT,PFT,4PS6FUEL,RQSY,1,1,Original,,
4PS6,4PS6PFT,PFT,4PSB,RQZY,3,1,Original,,
4PS6,4PS6PFT,PFT,4PSP,RQZYT,3,1,Original,,
4PS6,4PS6PFT,PFT,CREW VAN,RZAY,1,1,Original,,
4PS6,4PS6PFT,PFT,NR2,NR,2,1,Original,,
4SB3,4SB3SFT,SFT,2MNINF,2MNINF,1,1,Original,,
4SB3,4SB3SFT,SFT,2YBLIB,2YBLIB,1,1,Original,,
4SB3,4SB3SFT,SFT,3MNQ,RQSY,5,1,Original,,
4SB3,4SB3SFT,SFT,4SB5,RRAY,2,1,Original,,
4SB3,4SB3SFT,SFT,4SB5,SQTY,1,1,Original,,
4SB3,4SB3SFT,SFT,4SB5,RQJW,3,1,Original,,
4SB3,4SB3SFT,SFT,4SB5,RQSY,2,1,Original,,
4SB3,4SB3SFT,SFT,4SBATM,4SBATM,1,1,Original,,
4SB3,4SB3SFT,SFT,4SN2,RQSY,6,1,Original,,
4SB3,4SB3SFT,SFT,7PN3,RQSY,3,1,Original,,
4SB3,4SB3SFT,SFT,NR3,NR,3,1,Original,,
4SM2,4SM2SFT,SFT,3NMQ,RQSY,5,1,Original,,
4SM2,4SM2SFT,SFT,4NMATM,4NMATM,1,1,Original,,
4SM2,4SM2SFT,SFT,4NMINF,4NMINF,1,1,Original,,
4SM2,4SM2SFT,SFT,4SA5,RRAY,2,1,Original,,
4SM2,4SM2SFT,SFT,4SA5,SQTY,3,1,Original,,
4SM2,4SM2SFT,SFT,4SM5,RQSY,1,1,Original,,
4SM2,4SM2SFT,SFT,4SM5,RRAY,2,1,Original,,
4SM2,4SM2SFT,SFT,4SM5,RQJW,7,1,Original,,
4SM2,4SM2SFT,SFT,4SM5,RKLY,3,1,Original,,
4SM2,4SM2SFT,SFT,NR3,NR,3,1,Original,,
4YN2,4YN2SFT,SFT,3ANATM,3ANATM,1,5,Original,,
4YN2,4YN2SFT,SFT,3ANINF,3ANINF,1,5,Original,,
4YN2,4YN2SFT,SFT,4YBLIB,4YBLIB,1,5,Original,,
4YN2,4YN2SFT,SFT,4YNLIB,4YNLIB,1,5,Original,,
4YN2,4YN2SFT,SFT,4YNLIBB,4YNLIBB,1,5,Original,,
4YN2,4YN2SFT,SFT,NR3,NR,3,5,Original,,
5BM4,5BM4SFT,SFT,5BM4,RQJW,4,2,Original,,
5BM4,5BM4SFT,SFT,5BM4,RRAY,4,2,Original,,
5BM4,5BM4SFT,SFT,5BM4,RRQY,10,2,Original,,
5BM4,5BM4SFT,SFT,5BM4,RQSY,1,2,Original,,
5BM4,5BM4SFT,SFT,5BM4,SQTY,5,2,Original,,
5BM4,5BM4SFT,SFT,NR3,NR,3,2,Original,,
5BM4,5BM4BFT,BFT,5BM4,RRQY,10,1,Original,,
5BM4,5BM4BFT,BFT,5BM4,RRAY,4,1,Original,,
5BM4,5BM4BFT,BFT,5BM4,RQJW,4,1,Original,,
5BM4,5BM4BFT,BFT,5BM4,RQSY,1,1,Original,,
5BM4,5BM4BFT,BFT,5BM4,SQTY,5,1,Original,,
5BM4,5BM4BFT,BFT,NR3,NR,3,1,Original,,
5BS6,5BS6BFT,BFT,5BM6,SQTY,5,1,Original,,
5BS6,5BS6BFT,BFT,5BM6,RRAY,4,1,Original,,
5BS6,5BS6BFT,BFT,5BP5,RRAY,3,1,Original,,
5BS6,5BS6BFT,BFT,5BP5,RQJW,1,1,Original,,
5BS6,5BS6BFT,BFT,5BP5,RQSY,3,1,Original,,
5BS6,5BS6BFT,BFT,5BPE,RQSY,2,1,Original,,
5BS6,5BS6BFT,BFT,5BPE,RRAY,1,1,Original,,
5BS6,5BS6BFT,BFT,5BS6,RQJW,1,1,Original,,
5BS6,5BS6BFT,BFT,5BS6,RQSY,1,1,Original,,
5BS6,5BS6BFT,BFT,5BS6,RRAY,2,1,Original,,
5BS6,5BS6BFT,BFT,5BS6,SQTY,6,1,Original,,
5BS6,5BS6BFT,BFT,NR3,NR,3,1,Original,,
5MA5,5MA5MFT,MFT,3BA6,SQTY,2,1,Original,,
5MA5,5MA5MFT,MFT,3BA6,RRAY,1,1,Original,,
5MA5,5MA5MFT,MFT,3BA6,RQSY,2,1,Original,,
5MA5,5MA5MFT,MFT,4SA5,SQTY,3,1,Original,,
5MA5,5MA5MFT,MFT,4SA5,RRAY,2,1,Original,,
5MA5,5MA5MFT,MFT,5MA5,SQTY,4,1,Original,,
5MA5,5MA5MFT,MFT,5MA5,RRAY,1,1,Original,,
5MA5,5MA5MFT,MFT,5MA5,RQJW,2,1,Original,,
5MA5,5MA5MFT,MFT,5MPT,RQSY,8,1,Original,,
5MA5,5MA5MFT,MFT,5MPT,RRYY,5,1,Original,,
5MA5,5MA5MFT,MFT,NR2,NR,2,1,Original,,
5MB4,5MB4SFT,SFT,4AB6,RRYY,1,2,Original,,
5MB4,5MB4SFT,SFT,4AB6,RRAY,2,2,Original,,
5MB4,5MB4SFT,SFT,4AB6,RQSY,4,2,Original,,
5MB4,5MB4SFT,SFT,5MB4,RQSY,1,2,Original,,
5MB4,5MB4SFT,SFT,5MB4,RRAY,3,2,Original,,
5MB4,5MB4SFT,SFT,5MB4,SQTY,2,2,Original,,
5MB4,5MB4SFT,SFT,5MB4,RRQY,10,2,Original,,
5MB4,5MB4SFT,SFT,NR3,NR,3,2,Original,,
5MB4,5MB4MFT,MFT,4AB6,RRYY,1,1,Original,,
5MB4,5MB4MFT,MFT,4AB6,RQSY,4,1,Original,,
5MB4,5MB4MFT,MFT,4AB6,RRAY,2,1,Original,,
5MB4,5MB4MFT,MFT,5MB4,RRAY,3,1,Original,,
5MB4,5MB4MFT,MFT,5MB4,RQSY,1,1,Original,,
5MB4,5MB4MFT,MFT,5MB4,RRQY,10,1,Original,,
5MB4,5MB4MFT,MFT,5MB4,SQTY,2,1,Original,,
5MB4,5MB4MFT,MFT,NR3,NR,3,1,Original,,
5MP5,5MP5AFT,AFT,5MP5,RRYY,1,3,Original,,
5MP5,5MP5AFT,AFT,5MP5,RRQY,3,3,Original,,
5MP5,5MP5AFT,AFT,5MP5,CQWY,2,3,Original,,
5MP5,5MP5AFT,AFT,5MP5,RQJY,2,3,Original,,
5MP5,5MP5AFT,AFT,5MP5,RQSY,1,3,Original,,
5MP5,5MP5AFT,AFT,5MP5FUEL,RQSY,1,3,Original,,
5MP5,5MP5AFT,AFT,5MPB,RQZY,6,3,Original,,
5MP5,5MP5AFT,AFT,5MPB,CQWY,4,3,Original,,
5MP5,5MP5AFT,AFT,5MPTA,RQZYT,6,3,Original,,
5MP5,5MP5AFT,AFT,5MPTA,RRXYT,1,3,Original,,
5MP5,5MP5AFT,AFT,6AP5,RRQY,1,3,Original,,
5MP5,5MP5AFT,AFT,6APB,RQZY,2,3,Original,,
5MP5,5MP5AFT,AFT,6APT,RQZYT,3,3,Original,,
5MP5,5MP5AFT,AFT,CREW VAN,RZAY,1,3,Original,,
5MP5,5MP5AFT,AFT,NR3,NR,3,3,Original,,
5MP5,5MP5MFT,MFT,5MP5,RQJY,2,1,Original,,
5MP5,5MP5MFT,MFT,5MP5,CQWY,2,1,Original,,
5MP5,5MP5MFT,MFT,5MP5,RQSY,1,1,Original,,
5MP5,5MP5MFT,MFT,5MP5,RRQY,3,1,Original,,
5MP5,5MP5MFT,MFT,5MP5,RRYY,1,1,Original,,
5MP5,5MP5MFT,MFT,5MP5FUEL,RQSY,1,1,Original,,
5MP5,5MP5MFT,MFT,5MPB,RQZY,6,1,Original,,
5MP5,5MP5MFT,MFT,5MPB,CQWY,4,1,Original,,
5MP5,5MP5MFT,MFT,NR3,NR,3,1,Original,,
5NY3,5NY3SFT,SFT,4NAATM,4NAATM,1,2,Original,,
5NY3,5NY3SFT,SFT,4NAINF,4NAINF,1,2,Original,,
5NY3,5NY3SFT,SFT,5NPATM,5NPATM,1,2,Original,,
5NY3,5NY3SFT,SFT,5NPINF,5NPINF,1,2,Original,,
5NY3,5NY3SFT,SFT,5NYLIB,5NYLIB,1,2,Original,,
5NY3,5NY3SFT,SFT,NR3,NR,3,2,Original,,
5PM5,5PM5AFT,AFT,5PM5,RQZY,4,5,Original,,
5PM5,5PM5AFT,AFT,5PM5,CQWY,6,5,Original,,
5PM5,5PM5AFT,AFT,5PM5,RQJW,1,5,Original,,
5PM5,5PM5AFT,AFT,5PM5,RRAY,4,5,Original,,
5PM5,5PM5AFT,AFT,5PM5,RRQY,1,5,Original,,
5PM5,5PM5AFT,AFT,5PM5FUEL,RQSY,1,5,Original,,
5PM5,5PM5AFT,AFT,5PMT,RRYY,5,5,Original,,
5PM5,5PM5AFT,AFT,NR3,NR,3,5,Original,,
5PM5,5PM5PFT,PFT,5PA5,RRAY,1,1,Original,,
5PM5,5PM5PFT,PFT,5PA5,RQZY,2,1,Original,,
5PM5,5PM5PFT,PFT,5PA9,RMOY,2,1,Original,,
5PM5,5PM5PFT,PFT,5PA9,RMEY,1,1,Original,,
5PM5,5PM5PFT,PFT,5PAT,RQZYT,2,1,Original,,
5PM5,5PM5PFT,PFT,5PM5,CQWY,6,1,Original,,
5PM5,5PM5PFT,PFT,5PM5,RRQY,1,1,Original,,
5PM5,5PM5PFT,PFT,5PM5,RQJW,1,1,Original,,
5PM5,5PM5PFT,PFT,5PM5,RQZY,4,1,Original,,
5PM5,5PM5PFT,PFT,5PM5,RRAY,4,1,Original,,
5PM5,5PM5PFT,PFT,5PM5FUEL,RQSY,1,1,Original,,
5PM5,5PM5PFT,PFT,5PMTP,RRXYT,1,1,Original,,
5PM5,5PM5PFT,PFT,5PMTP,RQZYT,6,1,Original,,
5PM5,5PM5PFT,PFT,CREW VAN,RZAY,1,1,Original,,
5PM5,5PM5PFT,PFT,NR2,NR,2,1,Original,,
5PS6,5PS6PFT,PFT,5PB6,RRAY,4,1,Original,,
5PS6,5PS6PFT,PFT,5PB6,RRQY,1,1,Original,,
5PS6,5PS6PFT,PFT,5PB6,RQSY,1,1,Original,,
5PS6,5PS6PFT,PFT,5PG6,RRQY,2,1,Original,,
5PS6,5PS6PFT,PFT,5PG6,RQSY,2,1,Original,,
5PS6,5PS6PFT,PFT,5PS5,RRYY,2,1,Original,,
5PS6,5PS6PFT,PFT,5PS5,RRQY,6,1,Original,,
5PS6,5PS6PFT,PFT,5PS5,RQSY,1,1,Original,,
5PS6,5PS6PFT,PFT,5PS6FUEL,RQSY,1,1,Original,,
5PS6,5PS6PFT,PFT,CREW VAN,RZAY,1,1,Original,,
5PS6,5PS6PFT,PFT,NR2,NR,2,1,Original,,
5SB6,5SB6SFT,SFT,4EB1,RQJW,4,1,Original,,
5SB6,5SB6SFT,SFT,4MB6,RQJW,1,1,Original,,
5SB6,5SB6SFT,SFT,4MB6,RQSY,1,1,Original,,
5SB6,5SB6SFT,SFT,4MB6,RRAY,2,1,Original,,
5SB6,5SB6SFT,SFT,5SB5,RQJW,7,1,Original,,
5SB6,5SB6SFT,SFT,5SB5,SQTY,1,1,Original,,
5SB6,5SB6SFT,SFT,5SB5,RRAY,2,1,Original,,
5SB6,5SB6SFT,SFT,5SB5,RQSY,1,1,Original,,
5SB6,5SB6SFT,SFT,7PB6,RQJW,1,1,Original,,
5SB6,5SB6SFT,SFT,7PB6,RQSY,4,1,Original,,
5SB6,5SB6SFT,SFT,7PB6,RRAY,3,1,Original,,
5SB6,5SB6SFT,SFT,NR3,NR,3,1,Original,,
5SM2,5SM2SFT,SFT,4NMQ,RQSY,5,1,Original,,
5SM2,5SM2SFT,SFT,5NMATM,5NMATM,1,1,Original,,
5SM2,5SM2SFT,SFT,5NMINF,5NMINF,1,1,Original,,
5SM2,5SM2SFT,SFT,5SM5,RKLY,5,1,Original,,
5SM2,5SM2SFT,SFT,5SM5,SQTY,1,1,Original,,
5SM2,5SM2SFT,SFT,5SM5,RRAY,0,1,Original,,
5SM2,5SM2SFT,SFT,5SM5,RQJW,4,1,Original,,
5SM2,5SM2SFT,SFT,5SM5,RQSY,1,1,Original,,
5SM2,5SM2SFT,SFT,NR3,NR,3,1,Original,,
5SP5,5SP5SFT,SFT,3BP5,RQSY,4,1,Original,,
5SP5,5SP5SFT,SFT,3BP5,RRAY,3,1,Original,,
5SP5,5SP5SFT,SFT,3BP5,RQJW,1,1,Original,,
5SP5,5SP5SFT,SFT,4NPINF,4NPINF,1,1,Original,,
5SP5,5SP5SFT,SFT,4SP5,RRYY,1,1,Original,,
5SP5,5SP5SFT,SFT,4SP5,RRAY,2,1,Original,,
5SP5,5SP5SFT,SFT,4SP5,RQSY,5,1,Original,,
5SP5,5SP5SFT,SFT,4SP5,RQJW,4,1,Original,,
5SP5,5SP5SFT,SFT,4SPS,RRAY,2,1,Original,,
5SP5,5SP5SFT,SFT,5SP5FUEL,RQSY,1,1,Original,,
5SP5,5SP5SFT,SFT,NR3,NR,3,1,Original,,
6AM5,6AM5AFT,AFT,6AB6,SQTY,8,1,Original,,
6AM5,6AM5AFT,AFT,6AB6,RRAY,1,1,Original,,
6AM5,6AM5AFT,AFT,6AM5,RRAY,1,1,Original,,
6AM5,6AM5AFT,AFT,6AM5,SQTY,11,1,Original,,
6AM5,6AM5AFT,AFT,6AS6,RQJW,1,1,Original,,
6AM5,6AM5AFT,AFT,6AS6,RRAY,5,1,Original,,
6AM5,6AM5AFT,AFT,6AS6,SQTY,1,1,Original,,
6AM5,6AM5AFT,AFT,NR3,NR,3,1,Original,,
6AX5,6AX5AFT,AFT,6ANATM,6ANATM,1,1,Original,,
6AX5,6AX5AFT,AFT,6ANINF,6ANINF,1,1,Original,,
6AX5,6AX5AFT,AFT,6AYLIB,6AYLIB,1,1,Original,,
6BM4,6BM4SFT,SFT,6BA6,RQSY,1,2,Original,,
6BM4,6BM4SFT,SFT,6BA6,RRAY,1,2,Original,,
6BM4,6BM4SFT,SFT,6BA6,RRYY,1,2,Original,,
6BM4,6BM4SFT,SFT,6BA6,SQTY,6,2,Original,,
6BM4,6BM4SFT,SFT,6BM4,RRQY,3,2,Original,,
6BM4,6BM4SFT,SFT,6BM4,RRAY,5,2,Original,,
6BM4,6BM4SFT,SFT,6BM4,SQTY,5,2,Original,,
6BM4,6BM4SFT,SFT,6BM4,RQJW,4,2,Original,,
6BM4,6BM4SFT,SFT,NR3,NR,3,2,Original,,
6BM4,6BM4BFT,BFT,6BA6,SQTY,6,1,Original,,
6BM4,6BM4BFT,BFT,6BA6,RRYY,1,1,Original,,
6BM4,6BM4BFT,BFT,6BA6,RRAY,1,1,Original,,
6BM4,6BM4BFT,BFT,6BA6,RQSY,1,1,Original,,
6BM4,6BM4BFT,BFT,6BM4,RQJW,4,1,Original,,
6BM4,6BM4BFT,BFT,6BM4,SQTY,5,1,Original,,
6BM4,6BM4BFT,BFT,6BM4,RRAY,5,1,Original,,
6BM4,6BM4BFT,BFT,6BM4,RRQY,3,1,Original,,
6BM4,6BM4BFT,BFT,NR3,NR,3,1,Original,,
6BS6,6BS6BFT,BFT,6BE2,RQJW,4,1,Original,,
6BS6,6BS6BFT,BFT,6BM6,RQJW,1,1,Original,,
6BS6,6BS6BFT,BFT,6BM6,RQSY,1,1,Original,,
6BS6,6BS6BFT,BFT,6BM6,RRAY,2,1,Original,,
6BS6,6BS6BFT,BFT,6BP5,RQSY,2,1,Original,,
6BS6,6BS6BFT,BFT,6BP5,RRAY,8,1,Original,,
6BS6,6BS6BFT,BFT,6BP5,RRQY,2,1,Original,,
6BS6,6BS6BFT,BFT,6BS5,RQJW,3,1,Original,,
6BS6,6BS6BFT,BFT,6BS5,RQSY,4,1,Original,,
6BS6,6BS6BFT,BFT,6BS5,RRAY,2,1,Original,,
6BS6,6BS6BFT,BFT,6BS5,SQTY,1,1,Original,,
6BS6,6BS6BFT,BFT,NR3,NR,3,1,Original,,
6MB4,6MB4SFT,SFT,6MB4,RQJW,4,2,Original,,
6MB4,6MB4SFT,SFT,6MB4,SQTY,5,2,Original,,
6MB4,6MB4SFT,SFT,6MB4,RRQY,10,2,Original,,
6MB4,6MB4SFT,SFT,6MB4,RRAY,4,2,Original,,
6MB4,6MB4SFT,SFT,6MB4,RQSY,1,2,Original,,
6MB4,6MB4SFT,SFT,NR3,NR,3,2,Original,,
6MB4,6MB4MFT,MFT,6MB4,SQTY,5,1,Original,,
6MB4,6MB4MFT,MFT,6MB4,RRQY,10,1,Original,,
6MB4,6MB4MFT,MFT,6MB4,RRAY,4,1,Original,,
6MB4,6MB4MFT,MFT,6MB4,RQJW,4,1,Original,,
6MB4,6MB4MFT,MFT,6MB4,RQSY,1,1,Original,,
6MB4,6MB4MFT,MFT,NR3,NR,3,1,Original,,
6MP4,6MP4AFT,AFT,5AK5,RQSY,8,3,Original,,
6MP4,6MP4AFT,AFT,6AG6,RQSY,5,3,Original,,
6MP4,6MP4AFT,AFT,6AP4,RQSY,1,3,Original,,
6MP4,6MP4AFT,AFT,6AP4,RQZY,1,3,Original,,
6MP4,6MP4AFT,AFT,6APH,RQZYT,5,3,Original,,
6MP4,6MP4AFT,AFT,6APL,RRXY,1,3,Original,,
6MP4,6MP4AFT,AFT,6APL,RQZY,1,3,Original,,
6MP4,6MP4AFT,AFT,6MP4,RQJW,3,3,Original,,
6MP4,6MP4AFT,AFT,6MP4,RQJY,2,3,Original,,
6MP4,6MP4AFT,AFT,6MP4,RQLY,2,3,Original,,
6MP4,6MP4AFT,AFT,6MP4,RQSY,8,3,Original,,
6MP4,6MP4AFT,AFT,6MP4,RQZY,2,3,Original,,
6MP4,6MP4AFT,AFT,6MP4,CQWY,6,3,Original,,
6MP4,6MP4AFT,AFT,6MP4FUEL,RQSY,1,3,Original,,
6MP4,6MP4AFT,AFT,7AP9,RMEY,1,3,Original,,
6MP4,6MP4AFT,AFT,7AP9,RMOY,2,3,Original,,
6MP4,6MP4AFT,AFT,CREW VAN,RZAY,1,3,Original,,
6MP4,6MP4AFT,AFT,NR2,NR,2,3,Original,,
6MP4,6MP4MFT,MFT,6MP4,CQWY,6,1,Original,,
6MP4,6MP4MFT,MFT,6MP4,RQLY,2,1,Original,,
6MP4,6MP4MFT,MFT,6MP4,RQZY,2,1,Original,,
6MP4,6MP4MFT,MFT,6MP4,RQSY,8,1,Original,,
6MP4,6MP4MFT,MFT,6MP4,RQJW,3,1,Original,,
6MP4,6MP4MFT,MFT,6MP4,RQJY,2,1,Original,,
6MP4,6MP4MFT,MFT,6MP4FUEL,RQSY,1,1,Original,,
6MP4,6MP4MFT,MFT,NR3,NR,3,1,Original,,
6MP5,6MP5AFT,AFT,6MP5,RRQY,2,3,Original,,
6MP5,6MP5AFT,AFT,6MP5,RQSY,1,3,Original,,
6MP5,6MP5AFT,AFT,6MP5,RQJY,2,3,Original,,
6MP5,6MP5AFT,AFT,6MP5,RQJW,2,3,Original,,
6MP5,6MP5AFT,AFT,6MP5,CQWY,2,3,Original,,
6MP5,6MP5AFT,AFT,6MP5FUEL,RQSY,1,3,Original,,
6MP5,6MP5AFT,AFT,6MPB,CQWY,6,3,Original,,
6MP5,6MP5AFT,AFT,6MPB,RQZY,5,3,Original,,
6MP5,6MP5AFT,AFT,7AP5,RQSY,2,3,Original,,
6MP5,6MP5AFT,AFT,7AP8,RMEY,1,3,Original,,
6MP5,6MP5AFT,AFT,7AP8,RMOY,2,3,Original,,
6MP5,6MP5AFT,AFT,7APB,RQZY,2,3,Original,,
6MP5,6MP5AFT,AFT,7APT,RQZYT,9,3,Original,,
6MP5,6MP5AFT,AFT,CREW VAN,RZAY,1,3,Original,,
6MP5,6MP5AFT,AFT,NR2,NR,2,3,Original,,
6MP5,6MP5MFT,MFT,6MP5,RQJY,2,1,Original,,
6MP5,6MP5MFT,MFT,6MP5,RRQY,2,1,Original,,
6MP5,6MP5MFT,MFT,6MP5,RQJW,2,1,Original,,
6MP5,6MP5MFT,MFT,6MP5,CQWY,2,1,Original,,
6MP5,6MP5MFT,MFT,6MP5,RQSY,1,1,Original,,
6MP5,6MP5MFT,MFT,6MP5FUEL,RQSY,1,1,Original,,
6MP5,6MP5MFT,MFT,6MPB,RQZY,5,1,Original,,
6MP5,6MP5MFT,MFT,6MPB,CQWY,6,1,Original,,
6MP5,6MP5MFT,MFT,NR3,NR,3,1,Original,,
6NY3,6NY3SFT,SFT,3BYLIB,3BYLIB,1,2,Original,,
6NY3,6NY3SFT,SFT,4BYLIB,4BYLIB,1,2,Original,,
6NY3,6NY3SFT,SFT,4BYLIBR,4BYLIBR,1,2,Original,,
6NY3,6NY3SFT,SFT,5NAATM,5NAATM,1,2,Original,,
6NY3,6NY3SFT,SFT,5NAINF,5NAINF,1,2,Original,,
6NY3,6NY3SFT,SFT,5SP2,RQJW,1,2,Original,,
6NY3,6NY3SFT,SFT,5SP2,RRAY,4,2,Original,,
6NY3,6NY3SFT,SFT,6NYLIB,6NYLIB,1,2,Original,,
6NY3,6NY3SFT,SFT,6NYM,RQSY,3,2,Original,,
6NY3,6NY3SFT,SFT,NR2,NR,2,2,Original,,
6PM6,6PM6AFT,AFT,6PM6,CQWY,6,3,Original,,
6PM6,6PM6AFT,AFT,6PM6,RRQY,5,3,Original,,
6PM6,6PM6AFT,AFT,6PM6,RQJW,2,3,Original,,
6PM6,6PM6AFT,AFT,6PM6,RQZY,4,3,Original,,
6PM6,6PM6AFT,AFT,6PM6FUEL,RQSY,1,3,Original,,
6PM6,6PM6AFT,AFT,NR3,NR,3,3,Original,,
6PM6,6PM6PFT,PFT,6PA6,RQZY,1,1,Original,,
6PM6,6PM6PFT,PFT,6PA6,RRXY,1,1,Original,,
6PM6,6PM6PFT,PFT,6PA6,RQSY,2,1,Original,,
6PM6,6PM6PFT,PFT,6PA8,RMOY,2,1,Original,,
6PM6,6PM6PFT,PFT,6PA8,RMEY,1,1,Original,,
6PM6,6PM6PFT,PFT,6PAT,RQZYT,2,1,Original,,
6PM6,6PM6PFT,PFT,6PM6,RRQY,5,1,Original,,
6PM6,6PM6PFT,PFT,6PM6,RQZY,4,1,Original,,
6PM6,6PM6PFT,PFT,6PM6,RQJW,2,1,Original,,
6PM6,6PM6PFT,PFT,6PM6,CQWY,6,1,Original,,
6PM6,6PM6PFT,PFT,6PM6FUEL,RQSY,1,1,Original,,
6PM6,6PM6PFT,PFT,6PMTP,RRXYT,1,1,Original,,
6PM6,6PM6PFT,PFT,6PMTP,RQZYT,6,1,Original,,
6PM6,6PM6PFT,PFT,CREW VAN,RZAY,1,1,Original,,
6PM6,6PM6PFT,PFT,NR2,NR,2,1,Original,,
6PM7,6PM7AFT,AFT,6PME,RRQY,6,3,Original,,
6PM7,6PM7AFT,AFT,6PME,RRAY,4,3,Original,,
6PM7,6PM7AFT,AFT,NR3,NR,3,3,Original,,
6PS7,6PS7PFT,PFT,6PB6,RRAY,1,1,Original,,
6PS7,6PS7PFT,PFT,6PG5,RRQY,2,1,Original,,
6PS7,6PS7PFT,PFT,6PME,RRQY,6,1,Original,,
6PS7,6PS7PFT,PFT,6PME,RRAY,4,1,Original,,
6PS7,6PS7PFT,PFT,6PS7FUEL,RQSY,1,1,Original,,
6PS7,6PS7PFT,PFT,6PSE,RRQY,8,1,Original,,
6PS7,6PS7PFT,PFT,CREW VAN2,RZAY,2,1,Original,,
6PS7,6PS7PFT,PFT,NR2,NR,2,1,Original,,
6SP5,6SP5SFT,SFT,4BP5,RRQY,1,1,Original,,
6SP5,6SP5SFT,SFT,4BP5,RQJW,4,1,Original,,
6SP5,6SP5SFT,SFT,4BP5,RQSY,1,1,Original,,
6SP5,6SP5SFT,SFT,4BP5,RRAY,5,1,Original,,
6SP5,6SP5SFT,SFT,5SP5,RQSY,2,1,Original,,
6SP5,6SP5SFT,SFT,5SP5,RQJW,3,1,Original,,
6SP5,6SP5SFT,SFT,5SPS,RRQY,3,1,Original,,
6SP5,6SP5SFT,SFT,6SP5FUEL,RQSY,1,1,Original,,
6SP5,6SP5SFT,SFT,NR3,NR,3,1,Original,,
7BM4,7BM4SFT,SFT,7BM4,RQSY,1,2,Original,,
7BM4,7BM4SFT,SFT,7BM4,RRAY,3,2,Original,,
7BM4,7BM4SFT,SFT,7BM4,RRQY,10,2,Original,,
7BM4,7BM4SFT,SFT,7BM4,SQTY,9,2,Original,,
7BM4,7BM4SFT,SFT,NR3,NR,3,2,Original,,
7BM4,7BM4BFT,BFT,7BM4,SQTY,9,1,Original,,
7BM4,7BM4BFT,BFT,7BM4,RRQY,10,1,Original,,
7BM4,7BM4BFT,BFT,7BM4,RRAY,3,1,Original,,
7BM4,7BM4BFT,BFT,7BM4,RQSY,1,1,Original,,
7BM4,7BM4BFT,BFT,NR3,NR,3,1,Original,,
7BS4,7BS4BFT,BFT,7BN6,RQSY,3,1,Original,,
7BS4,7BS4BFT,BFT,7BNATM,7BNATM,1,1,Original,,
7BS4,7BS4BFT,BFT,7BNINF,7BNINF,1,1,Original,,
7BS4,7BS4BFT,BFT,7BNM,RQSY,6,1,Original,,
7BS4,7BS4BFT,BFT,7BP5,RRAY,2,1,Original,,
7BS4,7BS4BFT,BFT,7BP5,RQSY,6,1,Original,,
7BS4,7BS4BFT,BFT,7BS2,SQTY,1,1,Original,,
7BS4,7BS4BFT,BFT,7BS2,RQSY,2,1,Original,,
7BS4,7BS4BFT,BFT,7BSATM,7BSATM,1,1,Original,,
7BS4,7BS4BFT,BFT,7BYLIB,7BYLIB,1,1,Original,,
7BS4,7BS4BFT,BFT,NR3,NR,3,1,Original,,
7MB4,7MB4SFT,SFT,6AB6,RRAY,1,3,Original,,
7MB4,7MB4SFT,SFT,6AB6,SQTY,8,3,Original,,
7MB4,7MB4SFT,SFT,7EB1,RQJW,4,3,Original,,
7MB4,7MB4SFT,SFT,7MB4,SQTY,3,3,Original,,
7MB4,7MB4SFT,SFT,7MB4,RRQY,3,3,Original,,
7MB4,7MB4SFT,SFT,7MB4,RRAY,5,3,Original,,
7MB4,7MB4SFT,SFT,7MB4,RQSY,1,3,Original,,
7MB4,7MB4SFT,SFT,7MB4,RQJW,4,3,Original,,
7MB4,7MB4SFT,SFT,NR3,NR,3,3,Original,,
7MB4,7MB4MFT,MFT,6AB6,RRAY,1,1,Original,,
7MB4,7MB4MFT,MFT,6AB6,SQTY,8,1,Original,,
7MB4,7MB4MFT,MFT,7MB4,SQTY,3,1,Original,,
7MB4,7MB4MFT,MFT,7MB4,RRQY,3,1,Original,,
7MB4,7MB4MFT,MFT,7MB4,RRAY,5,1,Original,,
7MB4,7MB4MFT,MFT,7MB4,RQSY,1,1,Original,,
7MB4,7MB4MFT,MFT,7MB4,RQJW,4,1,Original,,
7MB4,7MB4MFT,MFT,7MS4,RRAY,0,1,Original,,
7MB4,7MB4MFT,MFT,7MS4,RQJW,4,1,Original,,
7MB4,7MB4MFT,MFT,NR3,NR,3,1,Original,,
7MP5,7MP5AFT,AFT,1AP5,RRXY,1,3,Original,,
7MP5,7MP5AFT,AFT,1AP8,RMOY,2,3,Original,,
7MP5,7MP5AFT,AFT,1AP8,RMEY,1,3,Original,,
7MP5,7MP5AFT,AFT,1APT,RQZYT,5,3,Original,,
7MP5,7MP5AFT,AFT,7MP5,RQJW,3,3,Original,,
7MP5,7MP5AFT,AFT,7MP5,CQWY,6,3,Original,,
7MP5,7MP5AFT,AFT,7MP5,RQJY,2,3,Original,,
7MP5,7MP5AFT,AFT,7MP5,RQZY,4,3,Original,,
7MP5,7MP5AFT,AFT,7MP5,RRAY,5,3,Original,,
7MP5,7MP5AFT,AFT,7MP5FUEL,RQSY,1,3,Original,,
7MP5,7MP5AFT,AFT,CREW VAN,RZAY,1,3,Original,,
7MP5,7MP5AFT,AFT,NR2,NR,2,3,Original,,
7MP5,7MP5MFT,MFT,7MA5,RQSY,1,1,Original,,
7MP5,7MP5MFT,MFT,7MA5,SQTY,2,1,Original,,
7MP5,7MP5MFT,MFT,7MA5,RQJW,3,1,Original,,
7MP5,7MP5MFT,MFT,7MP5,RQZY,4,1,Original,,
7MP5,7MP5MFT,MFT,7MP5,CQWY,6,1,Original,,
7MP5,7MP5MFT,MFT,7MP5,RQJY,2,1,Original,,
7MP5,7MP5MFT,MFT,7MP5,RRAY,5,1,Original,,
7MP5,7MP5MFT,MFT,7MP5,RQJW,3,1,Original,,
7MP5,7MP5MFT,MFT,7MP5FUEL,RQSY,1,1,Original,,
7MP5,7MP5MFT,MFT,NR2,NR,2,1,Original,,
7MP7,7MP7MFT,MFT,6MP2,RRQY,6,1,Original,,
7MP7,7MP7MFT,MFT,6MPE,RRQY,4,1,Original,,
7MP7,7MP7MFT,MFT,6MPM,RRAY,8,1,Original,,
7MP7,7MP7MFT,MFT,6MPM,RQSY,3,1,Original,,
7MP7,7MP7MFT,MFT,7MP7FUEL,RQSY,1,1,Original,,
7MP7,7MP7MFT,MFT,NR3,NR,3,1,Original,,
7MP7,7MP7AFT,AFT,6MP2,RRQY,6,3,Original,,
7MP7,7MP7AFT,AFT,6MPE,RRQY,4,3,Original,,
7MP7,7MP7AFT,AFT,6MPM,RRAY,8,3,Original,,
7MP7,7MP7AFT,AFT,6MPM,RQSY,3,3,Original,,
7MP7,7MP7AFT,AFT,7APE,RRQY,1,3,Original,,
7MP7,7MP7AFT,AFT,7APM,RRQY,2,3,Original,,
7MP7,7MP7AFT,AFT,7APM,RQSY,2,3,Original,,
7MP7,7MP7AFT,AFT,7MP7FUEL,RQSY,1,3,Original,,
7MP7,7MP7AFT,AFT,CREW VAN,RZAY,1,3,Original,,
7MP7,7MP7AFT,AFT,NR3,NR,3,3,Original,,
7MS2,7MS2MFT,MFT,5MNINF,5MNINF,1,1,Original,,
7MS2,7MS2MFT,MFT,6AS6,RQJW,1,1,Original,,
7MS2,7MS2MFT,MFT,6AS6,RRAY,5,1,Original,,
7MS2,7MS2MFT,MFT,6AS6,SQTY,1,1,Original,,
7MS2,7MS2MFT,MFT,6MNATM,6MNATM,1,1,Original,,
7MS2,7MS2MFT,MFT,6MNQ,RQSY,10,1,Original,,
7MS2,7MS2MFT,MFT,6MS4,RKLY,13,1,Original,,
7MS2,7MS2MFT,MFT,6MS4,SQTY,2,1,Original,,
7MS2,7MS2MFT,MFT,6MS4,RQSY,1,1,Original,,
7MS2,7MS2MFT,MFT,6MS4,RRAY,2,1,Original,,
7MS2,7MS2MFT,MFT,NR3,NR,3,1,Original,,
7PM5,7PM5AFT,AFT,7PM5,CQWY,6,4,Original,,
7PM5,7PM5AFT,AFT,7PM5,RQJW,1,4,Original,,
7PM5,7PM5AFT,AFT,7PM5,RQZY,4,4,Original,,
7PM5,7PM5AFT,AFT,7PM5,RRQY,5,4,Original,,
7PM5,7PM5AFT,AFT,7PM5FUEL,RQSY,1,4,Original,,
7PM5,7PM5AFT,AFT,NR3,NR,3,4,Original,,
7PM5,7PM5PFT,PFT,6PNINF,6PNINF,1,1,Original,,
7PM5,7PM5PFT,PFT,7PA5,RQSY,3,1,Original,,
7PM5,7PM5PFT,PFT,7PA5,RQZY,2,1,Original,,
7PM5,7PM5PFT,PFT,7PA9,RMEY,1,1,Original,,
7PM5,7PM5PFT,PFT,7PA9,RMOY,2,1,Original,,
7PM5,7PM5PFT,PFT,7PAT,RQZYT,2,1,Original,,
7PM5,7PM5PFT,PFT,7PM5,CQWY,6,1,Original,,
7PM5,7PM5PFT,PFT,7PM5,RRQY,5,1,Original,,
7PM5,7PM5PFT,PFT,7PM5,RQJW,1,1,Original,,
7PM5,7PM5PFT,PFT,7PM5,RQZY,4,1,Original,,
7PM5,7PM5PFT,PFT,7PM5FUEL,RQSY,1,1,Original,,
7PM5,7PM5PFT,PFT,7PMTP,RRXYT,1,1,Original,,
7PM5,7PM5PFT,PFT,7PMTP,RQZYT,6,1,Original,,
7PM5,7PM5PFT,PFT,CREW VAN,RZAY,1,1,Original,,
7PM5,7PM5PFT,PFT,NR2,NR,2,1,Original,,
7SB3,7SB3SFT,SFT,4MNQ,RQSY,5,1,Original,,
7SB3,7SB3SFT,SFT,4PNINF,4PNINF,1,1,Original,,
7SB3,7SB3SFT,SFT,7SBATM,7SBATM,1,1,Original,,
7SB3,7SB3SFT,SFT,7SN2,RQSY,6,1,Original,,
7SB3,7SB3SFT,SFT,NR3,NR,3,1,Original,,
7SM2,7SM2SFT,SFT,5BM6,RRAY,4,1,Original,,
7SM2,7SM2SFT,SFT,5BM6,SQTY,5,1,Original,,
7SM2,7SM2SFT,SFT,5NMQ,RQSY,5,1,Original,,
7SM2,7SM2SFT,SFT,6BE2,RQJW,4,1,Original,,
7SM2,7SM2SFT,SFT,6SA5,SQTY,3,1,Original,,
7SM2,7SM2SFT,SFT,6SA5,RRAY,3,1,Original,,
7SM2,7SM2SFT,SFT,7SM5,RKLY,5,1,Original,,
7SM2,7SM2SFT,SFT,7SM5,RQJW,3,1,Original,,
7SM2,7SM2SFT,SFT,7SM5,RRAY,2,1,Original,,
7SM2,7SM2SFT,SFT,NR4,NR,4,1,Original,,
7SP5,7SP5SFT,SFT,6BP5,RQSY,2,1,Original,,
7SP5,7SP5SFT,SFT,6BP5,RRQY,2,1,Original,,
7SP5,7SP5SFT,SFT,6BP5,RRAY,8,1,Original,,
7SP5,7SP5SFT,SFT,7SP5,RQSY,7,1,Original,,
7SP5,7SP5SFT,SFT,7SP5,RQJW,1,1,Original,,
7SP5,7SP5SFT,SFT,7SP5FUEL,RQSY,1,1,Original,,
7SP5,7SP5SFT,SFT,NR3,NR,3,1,Original,,
7SP7,7SP7SFT,SFT,5BP5,RRAY,3,1,Original,,
7SP7,7SP7SFT,SFT,5BP5,RQJW,1,1,Original,,
7SP7,7SP7SFT,SFT,5BP5,RQSY,3,1,Original,,
7SP7,7SP7SFT,SFT,5BPE,RQSY,2,1,Original,,
7SP7,7SP7SFT,SFT,5BPE,RRAY,1,1,Original,,
7SP7,7SP7SFT,SFT,6SP1,RRYY,1,1,Original,,
7SP7,7SP7SFT,SFT,6SP1,RRQY,1,1,Original,,
7SP7,7SP7SFT,SFT,6SPE,RRQY,4,1,Original,,
7SP7,7SP7SFT,SFT,6SPS,RRQY,1,1,Original,,
7SP7,7SP7SFT,SFT,6SPS,RRYY,3,1,Original,,
7SP7,7SP7SFT,SFT,7SP7FUEL,RQSY,1,1,Original,,
7SP7,7SP7SFT,SFT,NR4,NR,4,1,Original,,
7XM4,7XM4AFT,AFT,7AM4,RRQY,1,2,Original,,
7XM4,7XM4AFT,AFT,7AM4,RQJW,2,2,Original,,
7XM4,7XM4AFT,AFT,7YMLIB,7YMLIB,1,2,Original,,
7XM4,7XM4AFT,AFT,NR2,NR,2,2,Original,,
7YN2,7YN2SFT,SFT,1SN2,RQSY,3,5,Original,,
7YN2,7YN2SFT,SFT,4PN2,RQSY,3,5,Original,,
7YN2,7YN2SFT,SFT,4PNATM,4PNATM,1,5,Original,,
7YN2,7YN2SFT,SFT,6ANATM,6ANATM,1,5,Original,,
7YN2,7YN2SFT,SFT,6ANINF,6ANINF,1,5,Original,,
7YN2,7YN2SFT,SFT,6MNATM,6MNATM,1,5,Original,,
7YN2,7YN2SFT,SFT,6MNQ,RQSY,10,5,Original,,
7YN2,7YN2SFT,SFT,7YNLIB,7YNLIB,1,5,Original,,
7YN2,7YN2SFT,SFT,7YNLIBB,7YNLIBB,1,5,Original,,
7YN2,7YN2SFT,SFT,NR4,NR,4,5,Original,,
D106S,D106SWE,AFT,NR1,NR,1,1,Original,,
DSA8,DSA8SA,SFT,NR1,NR,1,1,Original,,
T144,T144SAT,SFT,NR1,NR,1,1,Original,,
