TRAIN_NAME,TRAIN,ORIGIN,DEP_TIME,DEP_DAY,ARR_TIME,ARR_DAY,DESTINATION,LEG_NUM
1004,1004PFT,PFT,6:00:00,Sunday,6:00:00,Sunday,EPT,1
1113S,1113SFRI,PAD,16:39:00,Friday,16:39:00,Friday,PPT,1
1113S,1113SWED,PAD,14:44:00,Wednesday,14:44:00,Wednesday,PPT,1
1114S,1114SFRI,PPT,19:45:00,Friday,19:45:00,Friday,PAD,1
1114S,1114SWED,PPT,19:45:00,Wednesday,19:45:00,Wednesday,PAD,1
1115S,1115SFRI,AFT,12:20:00,Friday,12:20:00,Friday,BRK,1
1115S,1115SMON,AFT,12:20:00,Monday,12:20:00,Monday,BRK,1
1115S,1115sthu,AFT,15:00:00,Thursday,15:00:00,Thursday,BRK,1
1115S,1115SWED,AFT,12:20:00,Wednesday,12:20:00,Wednesday,BRK,1
1116S,1116SFRI,BRK,14:00:00,Friday,14:00:00,Friday,AFT,1
1116S,1116SMON,BRK,13:50:00,Monday,13:50:00,Monday,AFT,1
1116S,1116SWED,BRK,14:00:00,Wednesday,14:00:00,Wednesday,AFT,1
1431,1431C,SFT,19:08:00,Tuesday,19:08:00,Tuesday,MOR,1
1431,1431ENF,ENF,1:17:00,Monday,1:17:00,Monday,MOR,2
1435,1435c,ENF,11:55:00,Tuesday,11:55:00,Tuesday,MOR,1
1435,1435d,ENF,11:55:00,Wednesday,11:55:00,Wednesday,MOR,1
1435,1435e,ENF,11:55:00,Thursday,11:55:00,Thursday,MOR,1
1435,1435f,ENF,11:55:00,Friday,11:55:00,Friday,MOR,1
1827FRI,1827FRISFT,SFT,20:47:00,Friday,20:47:00,Saturday,GBJ,1
1827THU,1827thuSFT,SFT,20:24:00,Thursday,20:24:00,Friday,GBJ,1
1829,1829SFT,SFT,10:28:00,Saturday,10:28:00,Saturday,GBJ,1
1921,1921MON,SFT,18:27:00,Monday,18:27:00,Monday,PTK,1
1921,1921SUN,SFT,23:10:00,Sunday,23:10:00,Monday,PTK,1
1921,1921TUE,SFT,18:27:00,Tuesday,18:27:00,Tuesday,PTK,1
1921,1921WED,SFT,18:27:00,Wednesday,18:27:00,Wednesday,PTK,1
1923,1923FRI,SFT,3:55:00,Friday,3:55:00,Friday,PTK,1
1923,1923SFT,SFT,3:55:00,Friday,3:55:00,Friday,PTK,1
1923,1923THUR,SFT,3:55:00,Thursday,3:55:00,Thursday,PTK,1
1923,1923WED,SFT,3:55:00,Wednesday,3:55:00,Wednesday,PTK,1
1AD8,1AD8KWK,KWK,12:20:00,Sunday,12:20:00,Sunday,SCJ,1
1AD8,1AD8SCJ,SCJ,17:07:00,Sunday,17:07:00,Monday,ASG,2
1AD8,1AD8ASG,ASG,18:00:00,Monday,18:00:00,Tuesday,DWN,3
1AP8,1AP8KWK,KWK,21:25:00,Sunday,21:25:00,Monday,SCJ,1
1AP8,1AP8SCJ,SCJ,3:30:00,Monday,3:30:00,Tuesday,EPT,2
1BM2,1bm2BFT,BFT,22:30:00,Sunday,22:30:00,Monday,MOR,1
1BM2,1bm2MOR,MOR,16:00:00,Monday,16:00:00,Monday,SFT,2
1BM2,1bm2SFT,SFT,22:30:00,Monday,22:30:00,Tuesday,ETT,3
1BM2,1bm2ETT,ETT,10:30:00,Tuesday,10:30:00,Tuesday,MFT,4
1BM4,1bm4BFT,BFT,18:20:00,Sunday,18:20:00,Monday,SFT,1
1BM4,1bm4SFT,SFT,12:25:00,Monday,12:25:00,Tuesday,MFT,2
1BS2,1BS2BFT,BFT,2:00:00,Sunday,2:00:00,Sunday,SFT,1
1BS3,1bs3BFT,BFT,2:45:00,Sunday,2:45:00,Sunday,SFT,1
1BS6,1bs6BFT,BFT,20:15:00,Sunday,20:15:00,Monday,SFT,1
1MB2,1MB2MFT,MFT,5:45:00,Sunday,5:45:00,Sunday,ETT,1
1MB2,1MB2ETT,ETT,11:28:00,Sunday,11:28:00,Sunday,SFT,2
1MB2,1MB2SFT,SFT,1:12:00,Monday,1:12:00,Monday,MOR,3
1MB2,1MB2MOR,MOR,7:00:00,Monday,7:00:00,Tuesday,BFT,4
1MB4,1mb4MFT,MFT,20:00:00,Sunday,20:00:00,Monday,SFT,1
1MB4,1mb4SFT,SFT,9:09:00,Monday,9:09:00,Tuesday,BFT,2
1MP2,1MP2MFT,MFT,16:50:00,Sunday,16:50:00,Monday,TLB,1
1MP2,1MP2TLB,TLB,3:35:00,Monday,3:35:00,Monday,AFT,2
1MP2,1MP2AFT,AFT,12:15:00,Monday,12:15:00,Monday,SCJ,3
1MP2,1MP2SCJ,SCJ,19:20:00,Monday,19:20:00,Tuesday,COK,4
1MP2,1MP2COK,COK,7:21:00,Tuesday,7:21:00,Tuesday,WEK,5
1MP2,1MP2WEK,WEK,22:50:00,Tuesday,22:50:00,Wednesday,PFT,6
1MP5,1mp5MFT,MFT,21:35:00,Sunday,21:35:00,Monday,AFT,1
1MP5,1mp5AFT,AFT,13:20:00,Monday,13:20:00,Monday,SCJ,2
1MP5,1MP5SCJ,SCJ,18:18:00,Monday,18:18:00,Wednesday,PFT,3
1MS2,1MS2MFT,MFT,18:25:00,Sunday,18:25:00,Monday,SFT,1
1MW2,1mw2MFT,MFT,7:30:00,Sunday,7:30:00,Monday,SFT,1
1MW2,1mw2SFT,SFT,0:50:00,Monday,0:50:00,Monday,PTK,2
1P50,1P50PFT,PFT,0:01:00,Sunday,0:01:00,Sunday,SSK,1
1P51,1P51SSK,SSK,0:45:00,Sunday,0:45:00,Sunday,PFT,1
1P52,1P52PFT,PFT,12:00:00,Sunday,12:00:00,Sunday,SSK,1
1P53,1P53SSK,SSK,12:45:00,Sunday,12:45:00,Sunday,PFT,1
1PA8,1PA8EPT,EPT,10:00:00,Sunday,10:00:00,Tuesday,SCJ,1
1PA8,1PA8SCJ,SCJ,3:05:00,Tuesday,3:05:00,Tuesday,KWK,2
1PM5,1pm5PFT,PFT,16:00:00,Sunday,16:00:00,Monday,WEK,1
1PM5,1PM5WEK,WEK,4:45:00,Monday,4:45:00,Monday,COK,2
1PM5,1PM5COK,COK,20:10:00,Monday,20:10:00,Tuesday,SCJ,3
1PM5,1pm5SCJ,SCJ,15:30:00,Tuesday,15:30:00,Tuesday,AFT,4
1PM5,1pm5AFT,AFT,5:30:00,Wednesday,5:30:00,Wednesday,TLB,5
1PM5,1pm5TLB,TLB,10:30:00,Wednesday,10:30:00,Wednesday,MFT,6
1PM6,1pm6PFT,PFT,19:30:00,Sunday,19:30:00,Tuesday,SCJ,1
1PM6,1pm6SCJ,SCJ,14:45:00,Tuesday,14:45:00,Tuesday,AFT,2
1PM6,1pm6AFT,AFT,8:30:00,Wednesday,8:30:00,Wednesday,MFT,3
1PS6,1ps6PFT,PFT,7:20:00,Sunday,7:20:00,Monday,SCJ,1
1PS6,1PS6SCJ,SCJ,4:20:00,Tuesday,4:20:00,Tuesday,GBJ,2
1PS6,1PS6GBJ,GBJ,4:13:00,Wednesday,4:13:00,Wednesday,SFT,3
1PS7,1ps7PFT,PFT,19:30:00,Sunday,19:30:00,Tuesday,SCJ,1
1PS7,1ps7SCJ,SCJ,12:10:00,Tuesday,12:10:00,Wednesday,GBJ,2
1PS7,1ps7GBJ,GBJ,9:40:00,Wednesday,9:40:00,Wednesday,SFT,3
1SB1,1SB1SFT,SFT,7:16:00,Sunday,7:16:00,Monday,BFT,1
1SP7,1SP7SFT,SFT,21:46:00,Sunday,21:46:00,Monday,GBJ,1
1SP7,1SP7GBJ,GBJ,7:18:00,Monday,7:18:00,Monday,SCJ,2
1SP7,1sp7SCJ,SCJ,2:40:00,Tuesday,2:40:00,Wednesday,PFT,3
1WB3,1WB3PTK,PTK,17:42:00,Sunday,17:42:00,Sunday,ENF,1
1WB3,1WB3ENF,ENF,20:12:00,Sunday,20:12:00,Sunday,SFT,2
1WB3,1WB3ENF,SFT,20:17:00,Sunday,20:17:00,Sunday,MOR,3
1WB3,1WB3MOR,MOR,4:25:00,Monday,4:25:00,Monday,GFN,4
1WB3,1WB3GFN,GFN,16:16:00,Monday,16:16:00,Monday,BFT,5
1WX2,1WX2PTK,PTK,23:35:00,Sunday,23:35:00,Monday,SFT,1
1WX2,1WX2SFT,SFT,3:05:00,Monday,3:05:00,Monday,MFT,2
1WX2,1WX2MFT,MFT,23:20:00,Monday,23:20:00,Tuesday,TLB,3
1WX2,1WX2TLB,TLB,10:30:00,Tuesday,10:30:00,Tuesday,AFT,4
1WX2,1WX2AFT,AFT,16:21:00,Tuesday,16:21:00,Tuesday,SCJ,5
1YN2,1YN2WHY,WHY,9:25:00,Sunday,9:25:00,Sunday,SCJ,1
1YN2,1YN2SCJ,SCJ,11:35:00,Sunday,11:35:00,Sunday,BHQ,2
1YN2,1YN2BHQ,BHQ,23:30:00,Sunday,23:30:00,Monday,GBJ,3
1YN2,1YN2GBJ,GBJ,13:15:00,Monday,13:15:00,Tuesday,MOR,4
2928,2928A,MEQ,11:43:00,Sunday,11:43:00,Sunday,PTK,1
2928,2928B,MEQ,11:48:00,Monday,11:48:00,Monday,PTK,1
2928,2928C,MEQ,11:48:00,Tuesday,11:48:00,Tuesday,PTK,1
2928,2928D,MEQ,11:48:00,Wednesday,11:48:00,Wednesday,PTK,1
2928,2928E,MEQ,11:48:00,Thursday,11:48:00,Thursday,PTK,1
2928,2928F,MEQ,11:48:00,Friday,11:48:00,Friday,PTK,1
2928,2928G,MEQ,11:43:00,Saturday,11:43:00,Saturday,PTK,1
2AM5,2am5AFT,AFT,18:45:00,Monday,18:45:00,Monday,TLB,1
2AM5,2am5TLB,TLB,21:52:00,Monday,21:52:00,Tuesday,MFT,2
2AM8,2AM8KWK,KWK,7:45:00,Monday,7:45:00,Monday,SPG,1
2BM4,2bm4BFT,BFT,19:20:00,Monday,19:20:00,Tuesday,SFT,1
2BM4,2BM4SFT,SFT,13:10:00,Tuesday,13:10:00,Wednesday,MFT,2
2BS3,2bs3BFT,BFT,21:50:00,Monday,21:50:00,Tuesday,GFN,1
2BS3,2bs3GFN,GFN,3:00:00,Tuesday,3:00:00,Tuesday,MOR,2
2BS3,2bs3MOR,MOR,16:00:00,Tuesday,16:00:00,Tuesday,SFT,3
2BS4,2bs4BFT,BFT,21:50:00,Monday,21:50:00,Tuesday,GFN,1
2BS4,2bs4GFN,GFN,3:00:00,Tuesday,3:00:00,Tuesday,MOR,2
2BS4,2bs4MOR,MOR,16:00:00,Tuesday,16:00:00,Tuesday,SFT,3
2BS6,2BS6BFT,BFT,20:30:00,Monday,20:30:00,Tuesday,SFT,1
2BW4,2BW4BFT,BFT,21:50:00,Monday,21:50:00,Tuesday,GFN,1
2BW4,2BW4GFN,GFN,3:00:00,Tuesday,3:00:00,Tuesday,MOR,2
2BW4,2BW4MOR,MOR,16:00:00,Tuesday,16:00:00,Tuesday,SFT,3
2BW4,2BW4SFT,SFT,21:08:00,Tuesday,21:08:00,Tuesday,PTK,4
2CM3,2CM3GRF,GRF,14:08:00,Monday,14:08:00,Monday,LET,1
2CM3,2CM3LET,LET,16:10:00,Monday,16:10:00,Monday,MAD,2
2CM3,2CM3MAD,MAD,19:20:00,Monday,19:20:00,Monday,JUE,3
2CM3,2CM3JUE,JUE,20:25:00,Monday,20:25:00,Monday,BMN,4
2CM3,2CM3BMN,BMN,21:55:00,Monday,21:55:00,Tuesday,ETT,5
2CM3,2CM3ETT,ETT,1:10:00,Tuesday,1:10:00,Tuesday,APD,6
2MA5,2ma5MFT,MFT,17:30:00,Monday,17:30:00,Tuesday,TLB,1
2MA5,2ma5TLB,TLB,2:09:00,Tuesday,2:09:00,Tuesday,AFT,2
2MB4,2mb4MFT,MFT,20:00:00,Monday,20:00:00,Tuesday,SFT,1
2MB4,2MB4SFT,SFT,9:09:00,Tuesday,9:09:00,Wednesday,BFT,2
2MP3,2mp3MFT,MFT,1:00:00,Monday,1:00:00,Monday,TLB,1
2MP3,2mp3TLB,TLB,11:30:00,Monday,11:30:00,Monday,AFT,2
2MP3,2mp3AFT,AFT,13:00:00,Monday,13:00:00,Tuesday,PFT,3
2MP4,2MP4MFT,MFT,1:00:00,Monday,1:00:00,Monday,TLB,1
2MP4,2MP4TLB,TLB,11:30:00,Monday,11:30:00,Monday,AFT,2
2MP4,2MP4AFT,AFT,13:00:00,Monday,13:00:00,Tuesday,PFT,3
2MP5,2mp5MFT,MFT,21:50:00,Monday,21:50:00,Tuesday,TLB,1
2MP5,2mp5TLB,TLB,6:29:00,Tuesday,6:29:00,Tuesday,AFT,2
2MP5,2mp5AFT,AFT,13:30:00,Tuesday,13:30:00,Tuesday,SCJ,3
2MP5,2mp5SCJ,SCJ,18:12:00,Tuesday,18:12:00,Thursday,PFT,4
2MS4,2ms4MFT,MFT,14:00:00,Monday,14:00:00,Monday,ETT,1
2MS4,2ms4MFT,ETT,16:50:00,Monday,16:50:00,Tuesday,SFT,2
2NP3,2NP3MOR,MOR,6:45:00,Monday,6:45:00,Monday,SFT,1
2NP3,2NP3SFT,SFT,12:10:00,Monday,12:10:00,Monday,GBJ,2
2NP3,2NP3GBJ,GBJ,23:55:00,Monday,23:55:00,Tuesday,BHQ,3
2NP3,2NP3BHQ,BHQ,9:58:00,Tuesday,9:58:00,Tuesday,SCJ,4
2NP3,2NP3SCJ,SCJ,1:40:00,Wednesday,1:40:00,Thursday,WEK,5
2NP3,2NP3WEK,WEK,7:30:00,Thursday,7:30:00,Thursday,PFT,6
2NY3,2NY3MOR,MOR,6:27:00,Monday,6:27:00,Monday,SFT,1
2NY3,2NY3SFT,SFT,12:10:00,Monday,12:10:00,Monday,GBJ,2
2NY3,2NY3GBJ,GBJ,23:55:00,Monday,23:55:00,Tuesday,BHQ,3
2NY3,2NY3BHQ,BHQ,9:58:00,Tuesday,9:58:00,Tuesday,SCJ,4
2NY3,2NY3SCJ,SCJ,5:30:00,Wednesday,5:30:00,Wednesday,WHY,5
2P50,2P50PFT,PFT,5:30:00,Monday,5:30:00,Monday,SSK,1
2P51,2P51SSK,SSK,6:30:00,Monday,6:30:00,Monday,PFT,1
2P52,2P52PFT,PFT,11:30:00,Monday,11:30:00,Monday,SSK,1
2P53,2P53SSK,SSK,12:30:00,Monday,12:30:00,Monday,PFT,1
2PM5,2pm5PFT,PFT,16:50:00,Monday,16:50:00,Wednesday,SCJ,1
2PM5,2pm5SCJ,SCJ,12:35:00,Wednesday,12:35:00,Wednesday,AFT,2
2PM5,2pm5AFT,AFT,5:45:00,Thursday,5:45:00,Thursday,TLB,3
2PM5,2pm5TLB,TLB,11:02:00,Thursday,11:02:00,Thursday,MFT,4
2PM6,2pm6PFT,PFT,23:05:00,Monday,23:05:00,Tuesday,COK,1
2PM6,2PM6COK,COK,0:55:00,Wednesday,0:55:00,Wednesday,SCJ,2
2PM6,2PM6cook,COK,0:55:00,Wednesday,0:55:00,Wednesday,SCJ,2
2PM6,2pm6SCJ,SCJ,19:30:00,Wednesday,19:30:00,Thursday,AFT,3
2PM6,2pm6AFT,AFT,9:50:00,Thursday,9:50:00,Thursday,TLB,4
2PM6,2pm6TLB,TLB,12:57:00,Thursday,12:57:00,Friday,MFT,5
2PS6,2PS6PFT,PFT,0:30:00,Monday,0:30:00,Tuesday,SCJ,1
2PS6,2PS6SCJ,SCJ,22:25:00,Tuesday,22:25:00,Wednesday,GBJ,2
2PS6,2PS6GBJ,GBJ,19:55:00,Wednesday,19:55:00,Thursday,SFT,3
2PS7,2PS7PFT,PFT,20:40:00,Monday,20:40:00,Wednesday,SCJ,1
2PS7,2ps7SCJ,SCJ,9:05:00,Wednesday,9:05:00,Wednesday,GBJ,2
2PS7,2PS7GBJ,GBJ,2:05:00,Thursday,2:05:00,Thursday,SFT,3
2SB1,2SB1SFT,SFT,12:55:00,Monday,12:55:00,Tuesday,BFT,1
2SB3,2sb3gfn,gfn,16:16:00,Tuesday,16:16:00,Tuesday,BFT,1
2SB3,2sb3MOR,MOR,4:25:00,Tuesday,4:25:00,Tuesday,GFN,2
2SB3,2sb3SFT,SFT,20:16:00,Monday,20:16:00,Monday,MOR,3
2SM2,2SM2SFT,SFT,18:40:00,Monday,18:40:00,Tuesday,MFT,1
2SM5,2sm5SFT,SFT,15:00:00,Monday,15:00:00,Tuesday,ETT,1
2SM5,2sm5ETT,ETT,1:30:00,Tuesday,1:30:00,Tuesday,MFT,2
2SP7,2SP7SFT,SFT,23:02:00,Monday,23:02:00,Tuesday,GBJ,1
2SP7,2SP7GBJ,GBJ,8:20:00,Tuesday,8:20:00,Tuesday,SCJ,2
2SP7,2SP7SCJ,SCJ,22:15:00,Tuesday,22:15:00,Thursday,PFT,3
2SX7,2SX7SFT,SFT,23:12:00,Monday,23:12:00,Tuesday,GBJ,1
2SX7,2SX7GBJ,GBJ,8:22:00,Tuesday,8:22:00,Tuesday,SCJ,2
2WB3,2wb3PTK,PTK,17:30:00,Monday,17:30:00,Monday,ENF,1
2WB3,2wb3ENF,ENF,20:15:00,Monday,20:15:00,Monday,SFT,2
2WB3,2WB3SFT,SFT,20:16:00,Monday,20:16:00,Monday,MOR,3
2WB3,2wb3MOR,MOR,4:25:00,Tuesday,4:25:00,Tuesday,GFN,4
2WB3,2wb3GFN,GFN,16:16:00,Tuesday,16:16:00,Tuesday,BFT,5
2XA2,2xa2SCJ,SCJ,18:25:00,Monday,18:25:00,Monday,AFT,1
2XW4,2XW4SCJ,SCJ,17:35:00,Monday,17:35:00,Monday,AFT,1
2XW4,2XW4AFT,AFT,1:18:00,Tuesday,1:18:00,Tuesday,TLB,2
2XW4,2XW4TLB,TLB,4:46:00,Tuesday,4:46:00,Tuesday,MFT,3
2XW4,2XW4MFT,MFT,1:17:00,Wednesday,1:17:00,Wednesday,SFT,4
2XW4,2XW4SFT,SFT,18:27:00,Wednesday,18:27:00,Wednesday,PTK,5
2YN2,2YN2WHY,WHY,9:00:00,Monday,9:00:00,Monday,SCJ,1
2YN2,2YN2SCJ,SCJ,11:15:00,Monday,11:15:00,Monday,BHQ,2
2YN2,2YN2BHQ,BHQ,20:18:00,Monday,20:18:00,Tuesday,GBJ,3
2YN2,2YN2GBJ,GBJ,12:10:00,Tuesday,12:10:00,Wednesday,MOR,4
3003,3003EPT,EPT,15:35:00,Tuesday,15:35:00,Tuesday,PFT,1
3395N,3395NJUE,JUE,20:10:00,Monday,20:10:00,Monday,MAD,1
3395N,3395NMAD,MAD,21:22:00,Monday,21:22:00,Monday,LET,2
3395N,3395NLET,LET,23:36:00,Monday,23:36:00,Tuesday,GRF,3
3AB6,3ab6AFT,AFT,20:00:00,Tuesday,20:00:00,Wednesday,GBJ,1
3AB6,3ab6GBJ,GBJ,16:00:00,Wednesday,16:00:00,Thursday,SFT,2
3AB6,3ab6SFT,SFT,12:55:00,Thursday,12:55:00,Friday,BFT,3
3AM5,3am5AFT,AFT,18:35:00,Tuesday,18:35:00,Tuesday,TLB,1
3AM5,3am5TLB,TLB,21:42:00,Tuesday,21:42:00,Wednesday,MFT,2
3AS8,3AS8KWK,KWK,10:15:00,Tuesday,10:15:00,Wednesday,GBJ,1
3AS8,3AS8GBJ,GBJ,2:31:00,Wednesday,2:31:00,Wednesday,SYD,2
3AX5,3ax5AFT,AFT,13:05:00,Tuesday,13:05:00,Tuesday,SCJ,1
3BA6,3ba6BFT,BFT,20:40:00,Tuesday,20:40:00,Wednesday,SFT,1
3BA6,3ba6SFT,SFT,21:33:00,Wednesday,21:33:00,Thursday,GBJ,2
3BA6,3ba6TLB,SFT,18:50:00,Wednesday,18:50:00,Thursday,TLB,2
3BA6,3ba6GBJ,GBJ,7:40:00,Thursday,7:40:00,Thursday,AFT,3
3BM4,3bm4BFT,BFT,19:50:00,Tuesday,19:50:00,Wednesday,SFT,1
3BM4,3bm4SFT,SFT,13:00:00,Wednesday,13:00:00,Thursday,ETT,2
3BM4,3bm4ETT,ETT,1:15:00,Thursday,1:15:00,Thursday,MFT,3
3BS3,3bs3BFT,BFT,2:45:00,Tuesday,2:45:00,Tuesday,SFT,1
3BS6,3bs6BFT,BFT,3:00:00,Tuesday,3:00:00,Tuesday,SFT,1
3CM3,3CM3GRF,GRF,14:08:00,Tuesday,14:08:00,Tuesday,LET,1
3CM3,3CM3LET,LET,16:10:00,Tuesday,16:10:00,Tuesday,MAD,2
3CM3,3CM3MAD,MAD,19:20:00,Tuesday,19:20:00,Tuesday,JUE,3
3CM3,3CM3JUE,JUE,20:05:00,Tuesday,20:05:00,Tuesday,BMN,4
3CM3,3CM3BMN,BMN,21:36:00,Tuesday,21:36:00,Wednesday,ETT,5
3CM3,3CM3ETT,ETT,1:18:00,Wednesday,1:18:00,Wednesday,APD,6
3MA3,3ma3APD,APD,23:55:00,Tuesday,23:55:00,Wednesday,TLB,1
3MA3,3ma3TLB,TLB,9:37:00,Wednesday,9:37:00,Wednesday,PAD,2
3MA5,3ma5MFT,MFT,17:25:00,Tuesday,17:25:00,Wednesday,TLB,1
3MA5,3ma5TLB,TLB,3:00:00,Wednesday,3:00:00,Wednesday,AFT,2
3MA8,3MA8SPG,SPG,8:05:00,Tuesday,8:05:00,Tuesday,KWK,1
3MB4,3mb4MFT,MFT,20:00:00,Tuesday,20:00:00,Wednesday,SFT,1
3MB4,3mb4SFT,SFT,9:07:00,Wednesday,9:07:00,Thursday,BFT,2
3MB5,3mb5MFT,MFT,18:25:00,Tuesday,18:25:00,Tuesday,ETT,1
3MB5,3MB5ETT,ETT,23:33:00,Tuesday,23:33:00,Wednesday,SFT,2
3MB5,3mb5SFT,SFT,12:57:00,Wednesday,12:57:00,Thursday,BFT,3
3MC2,3MC2APD,APD,14:00:00,Tuesday,14:00:00,Tuesday,ETT,1
3MC2,3MC2ETT,ETT,19:30:00,Tuesday,19:30:00,Tuesday,BMN,2
3MC2,3MC2BMN,BMN,23:17:00,Tuesday,23:17:00,Tuesday,JUE,3
3MC2,3MC2JUE,JUE,0:07:00,Wednesday,0:07:00,Wednesday,MAD,4
3MC2,3MC2MAD,MAD,1:18:00,Wednesday,1:18:00,Wednesday,LET,5
3MC2,3MC2LET,LET,3:33:00,Wednesday,3:33:00,Wednesday,GRF,6
3MP4,3mp4MFT,MFT,13:20:00,Tuesday,13:20:00,Tuesday,TLB,1
3MP4,3mp4TLB,TLB,22:14:00,Tuesday,22:14:00,Wednesday,AFT,2
3MP4,3mp4AFT,AFT,3:15:00,Wednesday,3:15:00,Wednesday,SCJ,3
3MP4,3mp4SCJ,SCJ,9:35:00,Wednesday,9:35:00,Thursday,PFT,4
3MP5,3mp5MFT,MFT,21:50:00,Tuesday,21:50:00,Wednesday,TLB,1
3MP5,3mp5TLB,TLB,6:45:00,Wednesday,6:45:00,Wednesday,AFT,2
3MP5,3mp5AFT,AFT,13:50:00,Wednesday,13:50:00,Wednesday,SCJ,3
3MP5,3mp5SCJ,SCJ,18:55:00,Wednesday,18:55:00,Friday,PFT,4
3MP7,3mp7MFT,MFT,1:00:00,Tuesday,1:00:00,Tuesday,TLB,1
3MP7,3mp7TLB,TLB,7:54:00,Wednesday,7:54:00,Wednesday,AFT,2
3MP7,3mp7AFT,AFT,11:55:00,Tuesday,11:55:00,Tuesday,SCJ,3
3MP7,3mp7SCJ,SCJ,16:30:00,Tuesday,16:30:00,Thursday,PFT,4
3MS2,3ms2MFT,MFT,18:30:00,Tuesday,18:30:00,Tuesday,ETT,1
3MS2,3ms2ETT,ETT,22:33:00,Tuesday,22:33:00,Wednesday,SFT,2
3MS4,3ms4MFT,MFT,13:00:00,Tuesday,13:00:00,Tuesday,ETT,1
3MS4,3MS4ETT,ETT,22:33:00,Tuesday,22:33:00,Wednesday,SFT,2
3NY3,3ny3MOR,MOR,6:25:00,Tuesday,6:25:00,Tuesday,SFT,1
3NY3,3ny3SFT,SFT,12:30:00,Tuesday,12:30:00,Tuesday,GBJ,2
3NY3,3ny3GBJ,GBJ,2:40:00,Wednesday,2:40:00,Wednesday,BHQ,3
3NY3,3ny3BHQ,BHQ,13:30:00,Wednesday,13:30:00,Wednesday,SCJ,4
3NY3,3ny3SCJ,SCJ,5:30:00,Thursday,5:30:00,Thursday,WHY,5
3P50,3P50PFT,PFT,2:00:00,Tuesday,2:00:00,Tuesday,SSK,1
3P51,3P51SSK,SSK,3:00:00,Tuesday,3:00:00,Tuesday,PFT,1
3PM4,3pm4PFT,PFT,1:10:00,Tuesday,1:10:00,Wednesday,WEK,1
3PM4,3pm4WEK,WEK,14:00:00,Tuesday,14:00:00,Thursday,SCJ,2
3PM4,3pm4SCJ,SCJ,18:00:00,Thursday,18:00:00,Thursday,AFT,3
3PM4,3pm4AFT,AFT,1:55:00,Friday,1:55:00,Friday,TLB,4
3PM4,3pm4TLB,TLB,6:35:00,Friday,6:35:00,Friday,MFT,5
3PM6,3PM6PFT,PFT,22:55:00,Tuesday,22:55:00,Thursday,SCJ,1
3PM6,3PM6SCJ,SCJ,20:30:00,Thursday,20:30:00,Friday,AFT,2
3PM6,3PM6AFT,AFT,8:25:00,Friday,8:25:00,Friday,TLB,3
3PM6,3PM6TLB,TLB,12:22:00,Friday,12:22:00,Saturday,MFT,4
3PM7,3pm7PFT,PFT,21:10:00,Tuesday,21:10:00,Thursday,SCJ,1
3PM7,3pm7SCJ,SCJ,8:10:00,Thursday,8:10:00,Thursday,AFT,2
3PM7,3pm7AFT,AFT,13:10:00,Thursday,13:10:00,Thursday,TLB,3
3PM7,3pm7TLB,TLB,15:35:00,Thursday,15:35:00,Friday,MFT,4
3PS6,3PS6PFT,PFT,17:45:00,Tuesday,17:45:00,Wednesday,COK,1
3PS6,3ps6COK,COK,20:05:00,Wednesday,20:05:00,Thursday,SCJ,2
3PS6,3PS6SCJ,SCJ,13:35:00,Thursday,13:35:00,Friday,GBJ,3
3PS6,3PS6GBJ,GBJ,12:35:00,Friday,12:35:00,Friday,SFT,4
3PS7,3PS7PFT,PFT,13:50:00,Tuesday,13:50:00,Thursday,SCJ,1
3PS7,3PS7SCJ,SCJ,4:05:00,Thursday,4:05:00,Thursday,GBJ,2
3PS7,3PS7GBJ,GBJ,1:30:00,Friday,1:30:00,Friday,SFT,3
3PW4,3PW4PFT,PFT,1:10:00,Tuesday,1:10:00,Tuesday,WEK,1
3PW4,3PW4WEK,WEK,13:00:00,Tuesday,13:00:00,Wednesday,COK,2
3PW4,3PW4COK,COK,6:25:00,Wednesday,6:25:00,Thursday,SCJ,3
3PW4,3PW4SCJ,SCJ,17:50:00,Thursday,17:50:00,Thursday,AFT,4
3PW4,3PW4AFT,AFT,0:30:00,Friday,0:30:00,Friday,TLB,5
3PW4,3PW4TLB,TLB,4:15:00,Friday,4:15:00,Friday,MFT,6
3PW4,3PW4MFT,MFT,1:00:00,Saturday,1:00:00,Saturday,SFT,7
3PW4,3PW4SFT,SFT,18:08:00,Saturday,18:08:00,Saturday,PTK,8
3SB5,3sb5SFT,SFT,12:55:00,Tuesday,12:55:00,Wednesday,BFT,1
3SM2,3sm2SFT,SFT,16:00:00,Tuesday,16:00:00,Wednesday,ETT,1
3SM2,3sm2ETT,ETT,3:02:00,Wednesday,3:02:00,Wednesday,MFT,2
3SM5,3sm5SFT,SFT,14:00:00,Tuesday,14:00:00,Tuesday,ETT,1
3SM5,3sm5SFT,ETT,16:50:00,Tuesday,16:50:00,Wednesday,MFT,2
3SP7,3sp7SFT,SFT,23:02:00,Tuesday,23:02:00,Wednesday,GBJ,1
3SP7,3sp7GBJ,GBJ,8:56:00,Wednesday,8:56:00,Wednesday,SCJ,2
3SP7,3sp7SCJ,SCJ,22:15:00,Wednesday,22:15:00,Friday,PFT,3
3WB3,3wb3PTK,PTK,17:30:00,Tuesday,17:30:00,Tuesday,SFT,1
3WB3,3WB31500,SFT,20:15:00,Tuesday,20:15:00,Tuesday,MOR,2
3WB3,3wb3MOR,MOR,4:40:00,Wednesday,4:40:00,Wednesday,GFN,3
3WB3,3wb3GFN,GFN,16:21:00,Wednesday,16:21:00,Wednesday,BFT,4
3XM4,3XM4SCJ,SCJ,17:55:00,Tuesday,17:55:00,Tuesday,AFT,1
3XM4,3XM4AFT,AFT,1:25:00,Wednesday,1:25:00,Wednesday,TLB,2
3XM4,3XM4TLB,TLB,5:00:00,Wednesday,5:00:00,Wednesday,MFT,3
3XW4,3xw4SCJ,SCJ,18:00:00,Tuesday,18:00:00,Tuesday,AFT,1
3XW4,3xw4AFT,AFT,1:10:00,Wednesday,1:10:00,Wednesday,TLB,2
3XW4,3xw4TLB,TLB,3:48:00,Wednesday,3:48:00,Wednesday,MFT,3
3XW4,3xw4MFT,MFT,1:00:00,Thursday,1:00:00,Thursday,SFT,4
3XW4,3xw4SFT,SFT,18:27:00,Thursday,18:27:00,Thursday,PTK,5
3YN2,3yn2WHY,WHY,9:45:00,Tuesday,9:45:00,Tuesday,SCJ,1
3YN2,3yn2SCJ,SCJ,12:00:00,Tuesday,12:00:00,Tuesday,BHQ,2
3YN2,3yn2BHQ,BHQ,22:07:00,Tuesday,22:07:00,Wednesday,GBJ,3
3YN2,3yn2GBJ,GBJ,13:36:00,Wednesday,13:36:00,Thursday,MOR,4
4004,4004PFT,PFT,6:10:00,Wednesday,6:10:00,Wednesday,EPT,1
4110S,4110sSCJ,SCJ,20:00:00,Sunday,20:00:00,Monday,AFT,1
4132,4132c,MOR,0:02:00,Tuesday,0:02:00,Tuesday,ENF,1
4132,4132d,MOR,0:39:00,Wednesday,0:39:00,Wednesday,ENF,1
4132,4132e,MOR,0:02:00,Thursday,0:02:00,Thursday,ENF,1
4132,4132f,MOR,0:02:00,Friday,0:02:00,Friday,ENF,1
4132,4132g,MOR,0:02:00,Saturday,0:02:00,Saturday,ENF,1
4659S,4659SMon,SCJ,5:30:00,Monday,5:30:00,Monday,WHY,1
4659S,4659STU,SCJ,5:30:00,Tuesday,5:30:00,Tuesday,WHY,1
4922N,4922NMON,MOR,16:00:00,Monday,16:00:00,Monday,PTK,1
4AD8,4AD8KWK,KWK,12:20:00,Wednesday,12:20:00,Wednesday,SCJ,1
4AD8,4AD8SCJ,SCJ,18:10:00,Wednesday,18:10:00,Thursday,ASG,2
4AD8,4AD8ASG,ASG,18:00:00,Thursday,18:00:00,Friday,DWN,3
4AM3,4am3PAD,PAD,23:10:00,Wednesday,23:10:00,Thursday,TLB,1
4AM3,4am3TLB,TLB,2:37:00,Thursday,2:37:00,Thursday,APD,2
4AM5,4am5AFT,AFT,18:35:00,Wednesday,18:35:00,Wednesday,TLB,1
4AM5,4am5TLB,TLB,21:42:00,Wednesday,21:42:00,Thursday,MFT,2
4BM4,4bm4BFT,BFT,19:20:00,Wednesday,19:20:00,Thursday,SFT,1
4BM4,4BM4SFT,SFT,13:10:00,Thursday,13:10:00,Friday,MFT,2
4BS4,4bs4BFT,BFT,21:45:00,Wednesday,21:45:00,Thursday,GFN,1
4BS4,4bs4GFN,GFN,4:00:00,Thursday,4:00:00,Thursday,MOR,2
4BS4,4bs4MOR,MOR,16:00:00,Thursday,16:00:00,Thursday,SFT,3
4BS6,4bs6BFT,BFT,20:30:00,Wednesday,20:30:00,Thursday,SFT,1
4BW4,4bw4BFT,BFT,21:45:00,Wednesday,21:45:00,Thursday,GFN,1
4BW4,4bw4GFN,GFN,4:00:00,Thursday,4:00:00,Thursday,MOR,2
4BW4,4bw4MOR,MOR,16:00:00,Thursday,16:00:00,Thursday,ENF,3
4BW4,4BW4SFT,ENF,23:08:00,Thursday,23:08:00,Friday,PTK,4
4CM3,4CM3GRF,GRF,14:08:00,Wednesday,14:08:00,Wednesday,LET,1
4CM3,4CM3LET,LET,16:10:00,Wednesday,16:10:00,Wednesday,MAD,2
4CM3,4CM3MAD,MAD,19:20:00,Wednesday,19:20:00,Wednesday,JUE,3
4CM3,4CM3JUE,JUE,20:05:00,Wednesday,20:05:00,Wednesday,BMN,4
4CM3,4CM3BMN,BMN,21:06:00,Wednesday,21:06:00,Thursday,ETT,5
4CM3,4CM3ETT,ETT,1:10:00,Thursday,1:10:00,Thursday,APD,6
4DA8,4DA8DWN,DWN,10:00:00,Wednesday,10:00:00,Thursday,ASG,1
4DA8,4DA8ASG,ASG,12:45:00,Thursday,12:45:00,Friday,SCJ,2
4DA8,4DA8SCJ,SCJ,6:39:00,Friday,6:39:00,Friday,KWK,3
4MA5,4ma5MFT,MFT,17:25:00,Wednesday,17:25:00,Thursday,TLB,1
4MA5,4ma5TLB,TLB,3:09:00,Thursday,3:09:00,Thursday,AFT,2
4MB4,4mb4MFT,MFT,20:00:00,Wednesday,20:00:00,Thursday,SFT,1
4MB4,4MB4SFT,SFT,9:07:00,Thursday,9:07:00,Friday,BFT,2
4MC2,4MC2APD,APD,14:00:00,Wednesday,14:00:00,Wednesday,ETT,1
4MC2,4MC2ETT,ETT,19:30:00,Wednesday,19:30:00,Wednesday,BMN,2
4MC2,4MC2BMN,BMN,22:14:00,Wednesday,22:14:00,Wednesday,JUE,3
4MC2,4MC2JUE,JUE,23:04:00,Wednesday,23:04:00,Wednesday,MAD,4
4MC2,4MC2MAD,MAD,0:15:00,Thursday,0:15:00,Thursday,LET,5
4MC2,4MC2LET,LET,3:25:00,Thursday,3:25:00,Thursday,GRF,6
4MP5,4mp5MFT,MFT,21:45:00,Wednesday,21:45:00,Thursday,TLB,1
4MP5,4mp5TLB,TLB,6:40:00,Thursday,6:40:00,Thursday,AFT,2
4MP5,4mp5AFT,AFT,13:30:00,Thursday,13:30:00,Thursday,SCJ,3
4MP5,4mp5SCJ,SCJ,18:12:00,Thursday,18:12:00,Saturday,PFT,4
4MP7,4mp7MFT,MFT,1:00:00,Wednesday,1:00:00,Wednesday,AFT,1
4MP7,4MP7AFT,AFT,12:05:00,Wednesday,12:05:00,Thursday,PFT,2
4MS2,4ms2MFT,MFT,18:25:00,Wednesday,18:25:00,Wednesday,ETT,1
4MS2,4ms2ETT,ETT,23:33:00,Wednesday,23:33:00,Thursday,SFT,2
4MS4,4ms4MFT,MFT,13:00:00,Wednesday,13:00:00,Wednesday,ETT,1
4MS4,4ms4ETT,ETT,16:50:00,Wednesday,16:50:00,Thursday,SFT,2
4NY3,4NY3MOR,MOR,6:27:00,Wednesday,6:27:00,Wednesday,SFT,1
4NY3,4NY3SFT,SFT,12:30:00,Wednesday,12:30:00,Thursday,GBJ,2
4NY3,4NY3GBJ,GBJ,2:27:00,Thursday,2:27:00,Thursday,BHQ,3
4NY3,4NY3BHQ,BHQ,15:15:00,Thursday,15:15:00,Friday,SCJ,4
4NY3,4NY3SCJ,SCJ,5:30:00,Friday,5:30:00,Friday,WHY,5
4P50,4p50PFT,PFT,7:00:00,Wednesday,7:00:00,Wednesday,SSK,1
4P51,4P51SSK,SSK,8:00:00,Wednesday,8:00:00,Wednesday,PFT,1
4PA8,4PA8EPT,EPT,11:55:00,Wednesday,11:55:00,Friday,SCJ,1
4PA8,4PA8SCJ,SCJ,2:11:00,Friday,2:11:00,Friday,KWK,2
4PM4,4pm4PFT,PFT,22:45:00,Wednesday,22:45:00,Thursday,WEK,1
4PM4,4pm4WEK,WEK,11:40:00,Thursday,11:40:00,Friday,SCJ,2
4PM4,4pm4SCJ,SCJ,17:05:00,Saturday,17:05:00,Saturday,AFT,3
4PM4,4pm4AFT,AFT,1:40:00,Sunday,1:40:00,Sunday,TLB,4
4PM4,4pm4TLB,TLB,5:47:00,Sunday,5:47:00,Sunday,MFT,5
4PM6,4PM6PFT,PFT,21:00:00,Wednesday,21:00:00,Thursday,WEK,1
4PM6,4PM6WEK,WEK,9:00:00,Thursday,9:00:00,Friday,SCJ,2
4PM6,4PM6SCJ,SCJ,18:25:00,Friday,18:25:00,Saturday,AFT,3
4PM6,4PM6AFT,AFT,5:10:00,Saturday,5:10:00,Saturday,TLB,4
4PM6,4PM6TLB,TLB,11:10:00,Saturday,11:10:00,Saturday,MFT,5
4PS6,4ps6PFT,PFT,16:00:00,Wednesday,16:00:00,Friday,SCJ,1
4PS6,4PS6SCJ,SCJ,11:00:00,Friday,11:00:00,Saturday,GBJ,2
4PS6,4PS6GBJ,GBJ,7:10:00,Saturday,7:10:00,Saturday,SFT,3
4PW4,4PW4PFT,PFT,22:45:00,Wednesday,22:45:00,Thursday,WEK,1
4PW4,4PW4WEK,WEK,11:05:00,Thursday,11:05:00,Friday,SCJ,2
4PW4,4PW4SCJ,SCJ,17:30:00,Saturday,17:30:00,Saturday,AFT,3
4PW4,4PW4AFT,AFT,0:40:00,Sunday,0:40:00,Sunday,TLB,4
4PW4,4PW4TLB,TLB,3:50:00,Sunday,3:50:00,Sunday,MFT,5
4PW4,4PW4MFT,MFT,1:00:00,Monday,1:00:00,Monday,SFT,6
4PW4,4PW4SFT,SFT,18:27:00,Monday,18:27:00,Monday,PTK,7
4SB1,4SB1SFT,SFT,12:55:00,Wednesday,12:55:00,Thursday,BFT,1
4SB3,4sb3SFT,SFT,20:22:00,Wednesday,20:22:00,Wednesday,MOR,1
4SB3,4sb3MOR,MOR,4:25:00,Thursday,4:25:00,Thursday,GFN,2
4SB3,4sb3GFN,GFN,16:16:00,Thursday,16:16:00,Thursday,BFT,3
4SM2,4sm2SFT,SFT,17:30:00,Wednesday,17:30:00,Thursday,ETT,1
4SM2,4sm2ETT,ETT,3:02:00,Thursday,3:02:00,Thursday,MFT,2
4SM5,4SM5SFT,SFT,15:30:00,Wednesday,15:30:00,Thursday,ETT,1
4SM5,4SM5ETT,ETT,2:30:00,Thursday,2:30:00,Thursday,MFT,2
4SP5,4sp5SFT,SFT,3:00:00,Wednesday,3:00:00,Wednesday,GBJ,1
4SP5,4sp5GBJ,GBJ,15:00:00,Wednesday,15:00:00,Thursday,SCJ,2
4SP5,4sp5SCJ,SCJ,9:30:00,Thursday,9:30:00,Friday,PFT,3
4WB3,4wb3PTK,PTK,17:30:00,Wednesday,17:30:00,Wednesday,SFT,1
4WB3,4WB3ENF,SFT,20:22:00,Wednesday,20:22:00,Wednesday,MOR,2
4WB3,4wb3MOR,MOR,4:25:00,Thursday,4:25:00,Thursday,GFN,3
4WB3,4wb3GFN,GFN,16:16:00,Thursday,16:16:00,Thursday,BFT,4
4WP2,4wp2PTK,PTK,0:04:00,Wednesday,0:04:00,Wednesday,SFT,1
4WP2,4wp2SFT,SFT,3:35:00,Wednesday,3:35:00,Wednesday,MFT,2
4WP2,4wp2MFT,MFT,12:15:00,Thursday,12:15:00,Thursday,TLB,3
4WP2,4WP2TLB,TLB,23:43:00,Thursday,23:43:00,Friday,AFT,4
4WP2,4wp2AFT,AFT,5:40:00,Friday,5:40:00,Friday,SCJ,5
4WP2,4wp2SCJ,SCJ,23:30:00,Friday,23:30:00,Sunday,WEK,6
4WP2,4WP2WEK,WEK,8:05:00,Sunday,8:05:00,Sunday,PFT,7
4YN2,4YN2WHY,WHY,10:00:00,Wednesday,10:00:00,Wednesday,SCJ,1
4YN2,4YN2SCJ,SCJ,12:08:00,Wednesday,12:08:00,Wednesday,BHQ,2
4YN2,4YN2BHQ,BHQ,22:15:00,Wednesday,22:15:00,Thursday,GBJ,3
4YN2,4YN2GBJ,GBJ,11:30:00,Thursday,11:30:00,Thursday,SFT,4
4YN2,4yn2SFT,SFT,0:44:00,Friday,0:44:00,Friday,MOR,5
5AM5,5am5AFT,AFT,18:55:00,Thursday,18:55:00,Thursday,TLB,1
5AM5,5am5TLB,TLB,22:02:00,Thursday,22:02:00,Friday,MFT,2
5AP8,5AP8KWK,KWK,18:40:00,Thursday,18:40:00,Thursday,SCJ,1
5AP8,5AP8SCJ,SCJ,22:58:00,Thursday,22:58:00,Saturday,EPT,2
5BM4,5bm4BFT,BFT,19:20:00,Thursday,19:20:00,Friday,SFT,1
5BM4,5bm4SFT,SFT,13:10:00,Friday,13:10:00,Saturday,MFT,2
5BS3,5bs3BFT,BFT,2:15:00,Thursday,2:15:00,Thursday,SFT,1
5BS6,5BS6BFT,BFT,20:30:00,Thursday,20:30:00,Friday,SFT,1
5BW2,5BW2BFT,BFT,21:25:00,Thursday,21:25:00,Friday,MOR,1
5BW2,5BW2MOR,MOR,16:00:00,Friday,16:00:00,Friday,SFT,2
5BW2,5BW2SFT,SFT,23:30:00,Friday,23:30:00,Saturday,PTK,3
5BW4,5bw4BFT,BFT,21:50:00,Thursday,21:50:00,Friday,GFN,1
5BW4,5bw4GFN,GFN,4:13:00,Friday,4:13:00,Friday,MOR,2
5BW4,5bw4MOR,MOR,16:00:00,Friday,16:00:00,Friday,ENF,3
5BW4,5bw4ENF,ENF,21:08:00,Friday,21:08:00,Friday,PTK,4
5CM3,5CM3GRF,GRF,14:08:00,Thursday,14:08:00,Thursday,LET,1
5CM3,5CM3LET,LET,16:10:00,Thursday,16:10:00,Thursday,MAD,2
5CM3,5CM3MAD,MAD,19:20:00,Thursday,19:20:00,Thursday,JUE,3
5CM3,5CM3JUE,JUE,20:10:00,Thursday,20:10:00,Wednesday,BMN,4
5CM3,5CM3BMN,BMN,21:11:00,Thursday,21:11:00,Friday,ETT,5
5CM3,5CM3ETT,ETT,1:13:00,Friday,1:13:00,Friday,APD,6
5MA3,5ma3APD,APD,23:55:00,Thursday,23:55:00,Friday,TLB,1
5MA3,5ma3TLB,TLB,11:15:00,Friday,11:15:00,Friday,PAD,2
5MA5,5ma5MFT,MFT,17:15:00,Thursday,17:15:00,Friday,TLB,1
5MA5,5ma5TLB,TLB,3:39:00,Friday,3:39:00,Friday,AFT,2
5MB4,5mb4MFT,MFT,20:00:00,Thursday,20:00:00,Friday,SFT,1
5MB4,5mb4SFT,SFT,9:07:00,Friday,9:07:00,Saturday,BFT,2
5MB5,5mb5MFT,MFT,18:25:00,Thursday,18:25:00,Friday,SFT,1
5MB5,5mb5SFT,SFT,11:17:00,Friday,11:17:00,Saturday,BFT,2
5MC2,5MC2APD,APD,14:00:00,Thursday,14:00:00,Thursday,ETT,1
5MC2,5MC2ETT,ETT,19:30:00,Thursday,19:30:00,Thursday,BMN,2
5MC2,5MC2BMN,BMN,22:14:00,Thursday,22:14:00,Thursday,JUE,3
5MC2,5MC2JUE,JUE,23:04:00,Thursday,23:04:00,Thursday,MAD,4
5MC2,5MC2MAD,MAD,0:15:00,Friday,0:15:00,Friday,LET,5
5MC2,5MC2LET,LET,2:28:00,Friday,2:28:00,Friday,GRF,6
5MP2,5MP2MFT,MFT,14:00:00,Thursday,14:00:00,Friday,TLB,1
5MP2,5MP2TLB,TLB,0:40:00,Friday,0:40:00,Friday,AFT,2
5MP2,5MP2AFT,AFT,10:00:00,Friday,10:00:00,Friday,SCJ,3
5MP2,5MP2SCJ,SCJ,23:50:00,Friday,23:50:00,Saturday,COK,4
5MP2,5MP2COK,COK,12:50:00,Saturday,12:50:00,Sunday,WEK,5
5MP2,5MP2WEK,WEK,4:30:00,Sunday,4:30:00,Sunday,PFT,6
5MP5,5mp5MFT,MFT,21:55:00,Thursday,21:55:00,Friday,TLB,1
5MP5,5mp5TLB,TLB,6:22:00,Friday,6:22:00,Friday,AFT,2
5MP5,5mp5AFT,AFT,14:00:00,Friday,14:00:00,Friday,SCJ,3
5MP5,5mp5SCJ,SCJ,19:05:00,Friday,19:05:00,Sunday,PFT,4
5MS2,5ms2MFT,MFT,18:25:00,Thursday,18:25:00,Thursday,ETT,1
5MS2,5ms2ETT,ETT,22:33:00,Thursday,22:33:00,Friday,SFT,2
5NY3,5ny3MOR,MOR,6:27:00,Thursday,6:27:00,Thursday,SFT,1
5NY3,5ny3SFT,SFT,14:40:00,Thursday,14:40:00,Friday,GBJ,2
5NY3,5ny3GBJ,GBJ,2:45:00,Friday,2:45:00,Friday,BHQ,3
5NY3,5ny3BHQ,BHQ,12:30:00,Friday,12:30:00,Friday,SCJ,4
5NY3,5ny3SCJ,SCJ,5:30:00,Saturday,5:30:00,Saturday,WHY,5
5P50,5P50PFT,PFT,8:00:00,Thursday,8:00:00,Thursday,SSK,1
5P51,5P51SSK,SSK,10:45:00,Thursday,10:45:00,Thursday,PFT,1
5PM5,5pm5PFT,PFT,17:50:00,Thursday,17:50:00,Friday,WEK,1
5PM5,5pm5WEK,WEK,5:50:00,Friday,5:50:00,Friday,COK,2
5PM5,5pm5COK,COK,21:40:00,Friday,21:40:00,Saturday,SCJ,3
5PM5,5pm5SCJ,SCJ,13:55:00,Saturday,13:55:00,Saturday,AFT,4
5PM5,5pm5AFT,AFT,9:00:00,Sunday,9:00:00,Sunday,TLB,5
5PM5,5pm5TLB,TLB,12:11:00,Sunday,12:11:00,Sunday,MFT,6
5PM7,5pm7PFT,PFT,14:40:00,Thursday,14:40:00,Saturday,AFT,1
5PM7,5pm7AFT,AFT,19:20:00,Saturday,19:20:00,Sunday,MFT,2
5PS6,5ps6PFT,PFT,23:50:00,Thursday,23:50:00,Friday,WEK,1
5PS6,5PS6WEK,WEK,12:06:00,Friday,12:06:00,Saturday,COK,2
5PS6,5PS6COK,COK,6:15:00,Saturday,6:15:00,Saturday,SCJ,3
5PS6,5PS6SCJ,SCJ,23:00:00,Saturday,23:00:00,Sunday,GBJ,4
5PS6,5PS6GBJ,GBJ,19:00:00,Sunday,19:00:00,Monday,SFT,5
5PS7,5ps7PFT,PFT,6:25:00,Thursday,6:25:00,Friday,SCJ,1
5PS7,5ps7SCJ,SCJ,22:30:00,Friday,22:30:00,Saturday,GBJ,2
5PS7,5ps7GBJ,GBJ,18:20:00,Saturday,18:20:00,Sunday,SFT,3
5SB1,5sb1SFT,SFT,12:55:00,Thursday,12:55:00,Friday,BFT,1
5SB3,5sb3SFT,SFT,3:00:00,Thursday,3:00:00,Thursday,BFT,1
5SM2,5SM2SFT,SFT,16:45:00,Thursday,16:45:00,Friday,ETT,1
5SM2,5sm2ETT,ETT,3:02:00,Friday,3:02:00,Friday,MFT,2
5SP5,5sp5SFT,SFT,0:55:00,Thursday,0:55:00,Thursday,GBJ,1
5SP5,5sp5GBJ,GBJ,12:00:00,Thursday,12:00:00,Friday,SCJ,2
5SP5,5sp5SCJ,SCJ,7:55:00,Friday,7:55:00,Saturday,PFT,3
5SP7,5SP7SFT,SFT,23:12:00,Thursday,23:12:00,Friday,GBJ,1
5SP7,5sp7GBJ,GBJ,8:25:00,Friday,8:25:00,Friday,SCJ,2
5SP7,5SP7SCJ,SCJ,22:10:00,Friday,22:10:00,Sunday,PFT,3
5WM2,5WM2PTK,PTK,22:37:00,Thursday,22:37:00,Friday,SFT,1
5WM2,5WM2SFT,SFT,2:40:00,Friday,2:40:00,Friday,MFT,2
5XA7,5XA7SCJ,SCJ,9:00:00,Thursday,9:00:00,Thursday,AFT,1
6460S,6460SFR,WHY,13:30:00,Friday,13:30:00,Friday,SCJ,1
6460S,6460SMO,WHY,15:30:00,Monday,15:30:00,Monday,SCJ,1
6460S,6460SSA,WHY,15:30:00,Saturday,15:30:00,Saturday,SCJ,1
6460S,6460SSU,WHY,16:30:00,Sunday,16:30:00,Sunday,SCJ,1
6460S,6460STH,WHY,15:30:00,Thursday,15:30:00,Thursday,SCJ,1
6460S,6460STU,WHY,15:30:00,Tuesday,15:30:00,Tuesday,SCJ,1
6460S,6460SWE,WHY,14:10:00,Wednesday,14:10:00,Wednesday,SCJ,1
6AB6,6AB6AFT,AFT,19:00:00,Friday,19:00:00,Saturday,GBJ,1
6AB6,6AB6GBJ,GBJ,14:45:00,Saturday,14:45:00,Sunday,SFT,2
6AB6,6AB6SFT,SFT,2:36:00,Sunday,2:36:00,Sunday,BFT,3
6AM3,6AM3PAD,PAD,23:10:00,Friday,23:10:00,Saturday,TLB,1
6AM3,6AM3TLB,TLB,5:00:00,Saturday,5:00:00,Saturday,APD,2
6AM5,6AM5AFT,AFT,19:00:00,Friday,19:00:00,Friday,TLB,1
6AM5,6am5TLB,TLB,22:22:00,Friday,22:22:00,Saturday,MFT,2
6AM8,6AM8KWK,KWK,7:45:00,Friday,7:45:00,Friday,SPG,1
6AS6,6as6AFT,AFT,19:00:00,Friday,19:00:00,Saturday,GBJ,1
6AS6,6as6GBJ,GBJ,17:30:00,Saturday,17:30:00,Sunday,SFT,2
6AS8,6AS8GBJ,GBJ,1:35:00,Saturday,1:35:00,Saturday,SYD,1
6AX5,6ax5AFT,AFT,12:00:00,Friday,12:00:00,Friday,SCJ,1
6BA6,6ba6BFT,BFT,18:20:00,Friday,18:20:00,Saturday,SFT,1
6BA6,6ba6SFT,SFT,16:15:00,Saturday,16:15:00,Sunday,GBJ,2
6BA6,6ba6GBJ,GBJ,3:50:00,Sunday,3:50:00,Sunday,AFT,3
6BM4,6BM4BFT,BFT,23:20:00,Friday,23:20:00,Saturday,SFT,1
6BM4,6BM4SFT,SFT,18:40:00,Saturday,18:40:00,Sunday,ETT,2
6BM4,6bm4ETT,ETT,3:14:00,Sunday,3:14:00,Sunday,MFT,3
6BS5,6bs5BFT,BFT,19:45:00,Friday,19:45:00,Saturday,SFT,1
6BS6,6BS6BFT,BFT,22:55:00,Friday,22:55:00,Saturday,SFT,1
6BW4,6bw4BFT,BFT,21:10:00,Friday,21:10:00,Saturday,GFN,1
6BW4,6bw4GFN,GFN,3:18:00,Saturday,3:18:00,Saturday,MOR,2
6BW4,6bw4MOR,MOR,16:14:00,Saturday,16:14:00,Saturday,SFT,3
6BW4,6bw4SOY,SFT,21:33:00,Saturday,21:33:00,Sunday,PTK,4
6CM3,6CM3GRF,GRF,14:08:00,Friday,14:08:00,Friday,LET,1
6CM3,6CM3LET,LET,16:10:00,Friday,16:10:00,Friday,MAD,2
6CM3,6CM3MAD,MAD,19:20:00,Friday,19:20:00,Friday,JUE,3
6CM3,6CM3JUE,JUE,20:20:00,Friday,20:20:00,Friday,BMN,4
6CM3,6CM3BMN,BMN,21:41:00,Friday,21:41:00,Saturday,ETT,5
6CM3,6CM3ETT,ETT,1:15:00,Saturday,1:15:00,Saturday,APD,6
6K702,6K702FIL,FIL,18:35:00,Friday,18:35:00,Friday,BFT,1
6K801,6k801BFT,BFT,12:10:00,Friday,12:10:00,Friday,FIL,1
6MA5,6ma5MFT,MFT,17:25:00,Friday,17:25:00,Saturday,TLB,1
6MA5,6ma5TLB,TLB,2:35:00,Saturday,2:35:00,Saturday,AFT,2
6MB4,6mb4MFT,MFT,20:00:00,Friday,20:00:00,Saturday,SFT,1
6MB4,6MB4SFT,SFT,9:51:00,Saturday,9:51:00,Sunday,BFT,2
6MC2,6MC2APD,APD,14:00:00,Friday,14:00:00,Friday,ETT,1
6MC2,6MC2ETT,ETT,19:31:00,Friday,19:31:00,Friday,BMN,2
6MC2,6MC2BMN,BMN,22:40:00,Friday,22:40:00,Friday,JUE,3
6MC2,6MC2JUE,JUE,23:34:00,Friday,23:34:00,Saturday,MAD,4
6MC2,6MC2MAD,MAD,0:47:00,Saturday,0:47:00,Saturday,LET,5
6MC2,6MC2LET,LET,3:00:00,Saturday,3:00:00,Saturday,GRF,6
6MP4,6mp4MFT,MFT,13:25:00,Friday,13:25:00,Friday,TLB,1
6MP4,6mp4TLB,TLB,22:48:00,Friday,22:48:00,Saturday,AFT,2
6MP4,6mp4AFT,AFT,5:40:00,Saturday,5:40:00,Saturday,SCJ,3
6MP4,6mp4SCJ,SCJ,11:00:00,Saturday,11:00:00,Sunday,COK,4
6MP4,6MP4COK,COK,12:00:00,Saturday,12:00:00,Monday,WEK,5
6MP5,6mp5MFT,MFT,21:50:00,Friday,21:50:00,Saturday,TLB,1
6MP5,6mp5TLB,TLB,6:30:00,Saturday,6:30:00,Saturday,AFT,2
6MP5,6mp5AFT,AFT,17:40:00,Saturday,17:40:00,Saturday,SCJ,3
6MP5,6mp5SCJ,SCJ,23:45:00,Saturday,23:45:00,Monday,PFT,4
6MP6,6mp6MFT,MFT,1:00:00,Friday,1:00:00,Friday,AFT,1
6MP6,6mp6AFT,AFT,15:30:00,Friday,15:30:00,Friday,SCJ,2
6MP6,6mp6SCJ,SCJ,22:05:00,Friday,22:05:00,Sunday,PFT,3
6MS2,6ms2MFT,MFT,18:25:00,Friday,18:25:00,Friday,ETT,1
6MS2,6ms2ETT,ETT,22:33:00,Friday,22:33:00,Saturday,SFT,2
6MX4,6mx4MFT,MFT,13:25:00,Friday,13:25:00,Saturday,AFT,1
6MX4,6mx4AFT,AFT,8:30:00,Saturday,8:30:00,Saturday,SCJ,2
6NY3,6NY3MOR,MOR,6:27:00,Friday,6:27:00,Friday,SFT,1
6NY3,6NY3SFT,SFT,12:25:00,Friday,12:25:00,Friday,GBJ,2
6NY3,6NY3GBJ,GBJ,1:30:00,Saturday,1:30:00,Saturday,BHQ,3
6NY3,6NY3BHQ,BHQ,18:15:00,Saturday,18:15:00,Sunday,SCJ,4
6NY3,6NY3SCJ,SCJ,5:30:00,Sunday,5:30:00,Sunday,WHY,5
6P50,6P50PFT,PFT,7:00:00,Friday,7:00:00,Friday,SSK,1
6P51,6P51SSK,SSK,8:00:00,Friday,8:00:00,Friday,PFT,1
6PM5,6pm5PFT,PFT,10:55:00,Friday,10:55:00,Sunday,SCJ,1
6PM5,6pm5SCJ,SCJ,2:20:00,Sunday,2:20:00,Sunday,AFT,2
6PM5,6pm5AFT,AFT,11:20:00,Sunday,11:20:00,Sunday,TLB,3
6PM5,6pm5TLB,TLB,14:17:00,Sunday,14:17:00,Monday,MFT,4
6PM6,6pm6PFT,PFT,23:59:00,Friday,23:59:00,Sunday,SCJ,1
6PM6,6pm6SCJ,SCJ,20:15:00,Sunday,20:15:00,Monday,AFT,2
6PM6,6pm6AFT,AFT,5:45:00,Monday,5:45:00,Monday,TLB,3
6PM6,6pm6TLB,TLB,10:45:00,Monday,10:45:00,Monday,MFT,4
6PM7,6pm7PFT,PFT,22:20:00,Friday,22:20:00,Sunday,SCJ,1
6PM7,6pm7SCJ,SCJ,9:40:00,Sunday,9:40:00,Sunday,AFT,2
6PM7,6pm7AFT,AFT,15:00:00,Sunday,15:00:00,Sunday,TLB,3
6PM7,6pm7TLB,TLB,17:24:00,Sunday,17:24:00,Monday,MFT,4
6PS7,6PS7PFT,PFT,20:00:00,Friday,20:00:00,Sunday,SCJ,1
6PS7,6PS7SCJ,SCJ,7:50:00,Sunday,7:50:00,Sunday,GBJ,2
6PS7,6PS7GBJ,GBJ,2:12:00,Monday,2:12:00,Monday,SFT,3
6SB1,6SB1SFT,SFT,12:55:00,Friday,12:55:00,Saturday,BFT,1
6SM2,6sm2SFT,SFT,16:00:00,Friday,16:00:00,Saturday,ETT,1
6SM2,6sm2ETT,ETT,3:07:00,Saturday,3:07:00,Saturday,MFT,2
6SM5,6SM5SFT,SFT,15:00:00,Friday,15:00:00,Friday,ETT,1
6SM5,6SM5SFT,ETT,16:50:00,Friday,16:50:00,Saturday,MFT,2
6SP5,6sp5SFT,SFT,1:15:00,Friday,1:15:00,Friday,GBJ,1
6SP5,6sp5GBJ,GBJ,11:20:00,Friday,11:20:00,Saturday,SCJ,2
6SP5,6sp5SCJ,SCJ,6:30:00,Saturday,6:30:00,Sunday,PFT,3
6SP7,6sp7SFT,SFT,20:45:00,Friday,20:45:00,Saturday,GBJ,1
6SP7,6sp7GBJ,GBJ,7:45:00,Saturday,7:45:00,Saturday,SCJ,2
6SP7,6sp7SCJ,SCJ,20:50:00,Saturday,20:50:00,Monday,PFT,3
7AM5,7am5AFT,AFT,20:15:00,Saturday,20:15:00,Saturday,TLB,1
7AM5,7am5TLB,TLB,23:22:00,Saturday,23:22:00,Sunday,MFT,2
7BM2,7bm2BFT,BFT,22:00:00,Saturday,22:00:00,Sunday,MOR,1
7BM2,7bm2MOR,MOR,16:19:00,Sunday,16:19:00,Sunday,SFT,2
7BM2,7bm2SFT,SFT,22:30:00,Sunday,22:30:00,Monday,ETT,3
7BM2,7bm2ETT,ETT,9:29:00,Monday,9:29:00,Monday,MFT,4
7BM2,7BM2GFN,GFN,4:06:00,Sunday,4:06:00,Sunday,MOR,5
7BM4,7bm4BFT,BFT,19:20:00,Saturday,19:20:00,Sunday,SFT,1
7BM4,7BM4SFT,SFT,14:25:00,Sunday,14:25:00,Monday,ETT,2
7BM4,7bm4ETT,ETT,0:45:00,Monday,0:45:00,Monday,MFT,3
7BS3,7bs3BFT,BFT,0:40:00,Saturday,0:40:00,Saturday,SFT,1
7BS4,7bs4BFT,BFT,22:05:00,Saturday,22:05:00,Sunday,GFN,1
7BS4,7BS4GFN,GFN,4:13:00,Sunday,4:13:00,Sunday,MOR,2
7BS4,7BS4MOR,MOR,17:38:00,Sunday,17:38:00,Sunday,SFT,3
7BS6,7BS6BFT,BFT,0:35:00,Saturday,0:35:00,Saturday,SFT,1
7BW2,7BW2BFT,BFT,7:05:00,Saturday,7:05:00,Saturday,GFN,1
7BW2,7BW2GFN,GFN,11:57:00,Saturday,11:57:00,Sunday,MOR,2
7BW2,7BW2MOR,MOR,1:09:00,Sunday,1:09:00,Sunday,SFT,3
7BW2,7BW2SFT,SFT,7:33:00,Sunday,7:33:00,Sunday,PTK,4
7BW4,7bw4BFT,BFT,21:50:00,Saturday,21:50:00,Sunday,GFN,1
7BW4,7bw4GFN,GFN,4:06:00,Sunday,4:06:00,Sunday,MOR,2
7BW4,7bw4MOR,MOR,17:41:00,Sunday,17:41:00,Sunday,SFT,3
7MA8,7MA8SPG,SPG,8:05:00,Saturday,8:05:00,Saturday,KWK,1
7MB4,7mb4MFT,MFT,22:00:00,Saturday,22:00:00,Sunday,ETT,1
7MB4,7MB4ETT,ETT,2:40:00,Sunday,2:40:00,Sunday,SFT,2
7MB4,7mb4SFT,SFT,12:51:00,Sunday,12:51:00,Monday,BFT,3
7MC2,7MC2APD,APD,16:40:00,Saturday,16:40:00,Saturday,ETT,1
7MC2,7MC2ETT,ETT,21:41:00,Saturday,21:41:00,Saturday,BMN,2
7MC2,7MC2BMN,BMN,0:49:00,Sunday,0:49:00,Sunday,JUE,3
7MP5,7MP5MFT,MFT,18:45:00,Saturday,18:45:00,Sunday,TLB,1
7MP5,7MP5TLB,TLB,3:28:00,Sunday,3:28:00,Sunday,AFT,2
7MP5,7MP5AFT,AFT,12:55:00,Sunday,12:55:00,Monday,SCJ,3
7MP5,7mp5SCJ,SCJ,18:50:00,Sunday,18:50:00,Monday,WEK,4
7MP5,7mp5WEK,WEK,18:10:00,Monday,18:10:00,Tuesday,PFT,5
7MP7,7mp7MFT,MFT,1:10:00,Saturday,1:10:00,Saturday,TLB,1
7MP7,7mp7TLB,TLB,8:55:00,Saturday,8:55:00,Saturday,AFT,2
7MP7,7mp7AFT,AFT,12:30:00,Saturday,12:30:00,Saturday,SCJ,3
7MP7,7mp7SCJ,SCJ,16:45:00,Saturday,16:45:00,Sunday,PFT,4
7MS4,7ms4MFT,MFT,13:00:00,Saturday,13:00:00,Saturday,ETT,1
7MS4,7ms4ETT,ETT,16:50:00,Saturday,16:50:00,Sunday,SFT,2
7P50,7P50PFT,PFT,6:30:00,Saturday,6:30:00,Saturday,SSK,1
7P51,7P51SSK,SSK,7:05:00,Saturday,7:05:00,Saturday,PFT,1
7PM5,7pm5PFT,PFT,15:35:00,Saturday,15:35:00,Monday,COK,1
7PM5,7pm5SCJ,COK,12:00:00,Monday,12:00:00,Monday,SCJ,2
7PM5,7pm5AFT,SCJ,8:25:00,Tuesday,8:25:00,Tuesday,AFT,3
7PM5,7pm5TLB,AFT,12:13:00,Tuesday,12:13:00,Wednesday,TLB,4
7PM6,7pm6PFT,PFT,5:50:00,Saturday,5:50:00,Monday,SCJ,1
7PM6,7pm6SCJ,SCJ,6:10:00,Monday,6:10:00,Monday,AFT,2
7PM6,7pm61500,AFT,21:00:00,Monday,21:00:00,Monday,TLB,3
7PM6,7pm6TLB,TLB,23:57:00,Monday,23:57:00,Tuesday,MFT,4
7PS6,7PS6PFT,PFT,9:45:00,Saturday,9:45:00,Monday,SCJ,1
7PS6,7PS6SCJ,SCJ,6:05:00,Monday,6:05:00,Tuesday,GBJ,2
7PS6,7PS6GBJ,GBJ,4:30:00,Tuesday,4:30:00,Tuesday,SFT,3
7PX4,7PX4PFT,PFT,8:50:00,Saturday,8:50:00,Saturday,WEK,1
7PX4,7PX4WEK,WEK,21:00:00,Saturday,21:00:00,Sunday,COK,2
7PX4,7PX4COK,COK,17:45:00,Sunday,17:45:00,Monday,SCJ,3
7SA5,7sa5SFT,SFT,18:53:00,Saturday,18:53:00,Sunday,GBJ,1
7SA5,7SA5GBJ,GBJ,5:45:00,Sunday,5:45:00,Sunday,AFT,2
7SB3,7sb3SFT,SFT,22:20:00,Saturday,22:20:00,Sunday,MOR,1
7SB3,7sb3MOR,MOR,4:43:00,Sunday,4:43:00,Sunday,GFN,2
7SB3,7sb3GFN,GFN,16:23:00,Sunday,16:23:00,Sunday,BFT,3
7SB5,7sb5SFT,SFT,12:50:00,Saturday,12:50:00,Sunday,BFT,1
7SG1,7sg1SFT,SFT,6:00:00,Saturday,6:00:00,Saturday,GBJ,1
7SM2,7sm2SFT,SFT,23:50:00,Saturday,23:50:00,Sunday,ETT,1
7SM2,7sm2ETT,ETT,10:02:00,Sunday,10:02:00,Sunday,MFT,2
7SM5,7SM5SFT,SFT,23:45:00,Saturday,23:45:00,Sunday,ETT,1
7SM5,7sm5ETT,ETT,10:05:00,Sunday,10:05:00,Sunday,MFT,2
7SP3,7sp3SFT,SFT,3:00:00,Saturday,3:00:00,Saturday,GBJ,1
7SP3,7sp3GBJ,GBJ,13:00:00,Saturday,13:00:00,Sunday,SCJ,2
7SP3,7sp3SCJ,SCJ,7:15:00,Sunday,7:15:00,Monday,PFT,3
7SP5,7sp5SFT,SFT,13:45:00,Saturday,13:45:00,Saturday,GBJ,1
7SP5,7sp5GBJ,GBJ,2:10:00,Sunday,2:10:00,Sunday,SCJ,2
7SP5,7sp5SCJ,SCJ,18:10:00,Sunday,18:10:00,Tuesday,PFT,3
7SP7,7sp7SFT,SFT,0:10:00,Saturday,0:10:00,Saturday,GBJ,1
7SP7,7sp7GBJ,GBJ,9:30:00,Saturday,9:30:00,Saturday,SCJ,2
7SP7,7sp7SCJ,SCJ,22:30:00,Saturday,22:30:00,Monday,PFT,3
7WB3,7wb3PTK,PTK,17:42:00,Saturday,17:42:00,Saturday,ENF,1
7WB3,7wb3ENF,ENF,22:20:00,Saturday,22:20:00,Saturday,SFT,2
7WB3,7wb3SFT,SFT,20:47:00,Saturday,20:47:00,Sunday,MOR,3
7WB3,7wb3MOR,MOR,4:45:00,Sunday,4:45:00,Sunday,GFN,4
7WB3,7wb3GFN,GFN,16:23:00,Sunday,16:23:00,Sunday,BFT,5
7XM4,7xm4SCJ,SCJ,17:05:00,Saturday,17:05:00,Saturday,AFT,1
7XM4,7xm4AFT,AFT,1:50:00,Sunday,1:50:00,Sunday,MFT,2
7YN2,7YN2WHY,WHY,10:00:00,Saturday,10:00:00,Saturday,SCJ,1
7YN2,7YN2SCJ,SCJ,11:45:00,Saturday,11:45:00,Saturday,BHQ,2
7YN2,7YN2BHQ,BHQ,1:50:00,Sunday,1:50:00,Sunday,GBJ,3
7YN2,7YN2GBJ,GBJ,12:20:00,Sunday,12:20:00,Sunday,SFT,4
7YN2,7yn2SFT,SFT,2:12:00,Monday,2:12:00,Monday,MOR,5
8126,8126GBJ,GBJ,7:40:00,Friday,7:40:00,Friday,SFT,1
8126FRI,8126friGBJ,GBJ,7:15:00,Friday,7:15:00,Friday,SFT,1
8126SAT,8126satGBJ,GBJ,14:30:00,Saturday,14:30:00,Sunday,SFT,1
8426N,8426NMON,BHQ,10:20:00,Monday,10:20:00,Tuesday,MOR,1
8428N,8428NFRI,BHQ,0:10:00,Friday,0:10:00,Sunday,MOR,1
8843N,8843NMON,GBJ,15:40:00,Monday,15:40:00,Monday,BTH,1
8843N,8843NTHU,GBJ,16:10:00,Thursday,16:10:00,Thursday,BTH,1
8844N,8844NMON,BTH,21:00:00,Monday,21:00:00,Tuesday,GBJ,1
8844N,8844NTHU,BTH,21:23:00,Thursday,21:23:00,Friday,GBJ,1
8894N,8894NGBJ,GBJ,15:40:00,Monday,15:40:00,Monday,BTH,1
8895N,8895nBTH,BTH,21:00:00,Monday,21:00:00,Tuesday,GBJ,1
8934,8934FRI,CSB,14:15:00,Friday,14:15:00,Saturday,PTK,1
8934,8934MON,CSB,14:15:00,Monday,14:15:00,Tuesday,PTK,1
8934,8934SAT,CSB,13:30:00,Saturday,13:30:00,Saturday,PTK,1
8934,8934SUN,CSB,13:20:00,Sunday,13:20:00,Sunday,PTK,1
8934,8934THU,CSB,13:28:00,Thursday,13:28:00,Thursday,PTK,1
8934,8934TUE,CSB,13:28:00,Tuesday,13:28:00,Tuesday,PTK,1
8934,8934WED,CSB,14:15:00,Wednesday,14:15:00,Thursday,PTK,1
9120,9120MON,PTK,12:45:00,Monday,12:45:00,Monday,SFT,1
9120,9120SUN,PTK,17:41:00,Sunday,17:41:00,Sunday,SFT,1
9120,9120TUE,PTK,12:45:00,Tuesday,12:45:00,Tuesday,SFT,1
9120,9120WED,PTK,17:41:00,Wednesday,17:41:00,Thursday,MOR,1
9120,9120SUN,SFT,20:40:00,Sunday,20:40:00,Monday,MOR,2
9122,9122SUN,PTK,17:42:00,Sunday,17:42:00,Sunday,SFT,1
9122,9122THUR,PTK,22:47:00,Thursday,22:47:00,Friday,SFT,1
9122,9122TUE,PTK,22:47:00,Tuesday,22:47:00,Wednesday,SFT,1
9122,9122WED,PTK,22:47:00,Wednesday,22:47:00,Thursday,SFT,1
9136,9136PTK,PTK,22:22:00,Sunday,22:22:00,Monday,SFT,1
9227,9227A,PTK,6:23:00,Sunday,6:23:00,Sunday,MEQ,1
9227,9227B,PTK,5:34:00,Monday,5:34:00,Monday,MEQ,1
9227,9227C,PTK,5:34:00,Tuesday,5:34:00,Tuesday,MEQ,1
9227,9227D,PTK,5:34:00,Wednesday,5:34:00,Wednesday,MEQ,1
9227,9227E,PTK,5:34:00,Thursday,5:34:00,Thursday,MEQ,1
9227,9227F,PTK,5:34:00,Friday,5:34:00,Friday,MEQ,1
9227,9227G,PTK,6:23:00,Saturday,6:23:00,Saturday,MEQ,1
9420WED,9420WEDSFT,PTK,17:41:00,Wednesday,17:41:00,Thursday,MOR,1
9783V,9783VFRI,MFT,16:15:00,Friday,16:15:00,Friday,SNS,1
9783V,9783VMON,MFT,16:15:00,Monday,16:15:00,Monday,SNS,1
9783V,9783VTHU,MFT,16:15:00,Thursday,16:15:00,Thursday,SNS,1
9783V,9783VTUE,MFT,16:15:00,Tuesday,16:15:00,Tuesday,SNS,1
9784V,9784VFRI,SNS,18:55:00,Friday,18:55:00,Friday,MFT,1
9784V,9784VMON,SNS,18:55:00,Monday,18:55:00,Monday,MFT,1
9784V,9784VTHU,SNS,18:55:00,Thursday,18:55:00,Thursday,MFT,1
9784V,9784VTUE,SNS,18:55:00,Tuesday,18:55:00,Tuesday,MFT,1
9907V,9907VFRI,MFT,9:45:00,Friday,9:45:00,Friday,APD,1
9907V,9907VMFT,MFT,9:15:00,Wednesday,9:15:00,Wednesday,APD,1
9907V,9907VSUN,MFT,9:45:00,Sunday,9:45:00,Sunday,APD,1
9907V,9907VTHU,MFT,9:45:00,Thursday,9:45:00,Thursday,APD,1
9907V,9907VTUE,MFT,9:45:00,Tuesday,9:45:00,Tuesday,APD,1
9907V,9907VWED,MFT,9:45:00,Wednesday,9:45:00,Wednesday,APD,1
9908V,9908VAPD,APD,10:45:00,Wednesday,10:45:00,Wednesday,MFT,1
9908V,9908VMON,APD,15:30:00,Monday,15:30:00,Monday,MFT,1
9908V,9908VSUN,APD,11:30:00,Sunday,11:30:00,Sunday,MFT,1
9908V,9908VTHU,APD,11:30:00,Thursday,11:30:00,Thursday,MFT,1
9908V,9908VTUE,APD,11:30:00,Tuesday,11:30:00,Tuesday,MFT,1
9908V,9908VWED,APD,11:30:00,Wednesday,11:30:00,Wednesday,MFT,1
D106S,D106SWE,AFT,9:55:00,Wednesday,9:55:00,Wednesday,KWK,1
D116S,D116STHU,BRK,16:35:00,Thursday,16:35:00,Thursday,WGF,1
D117S,4D117S,AFT,13:20:00,Wednesday,13:20:00,Wednesday,PAD,1
D117S,6D117S,AFT,13:20:00,Friday,13:20:00,Friday,PAD,1
D119S,D119SFRI,AFT,19:00:00,Friday,19:00:00,Friday,WGF,1
D119S,D119SMON,AFT,19:00:00,Monday,19:00:00,Monday,WGF,1
D119S,D119STHU,AFT,19:20:00,Thursday,19:20:00,Thursday,WGF,1
D119S,D119STUE,AFT,19:00:00,Tuesday,19:00:00,Tuesday,WGF,1
D119S,D119SWED,AFT,19:00:00,Wednesday,19:00:00,Wednesday,WGF,1
DAS8,DAS8SA,SYD,13:12:00,Saturday,13:12:00,Saturday,SFT,1
DAS8,DAS8WE,SYD,13:29:00,Wednesday,13:29:00,Wednesday,SFT,1
DSA8,DSA8SA,SFT,9:09:00,Saturday,9:09:00,Saturday,SYD,1
DSA8,DSA8WE,SFT,9:00:00,Wednesday,9:00:00,Wednesday,SYD,1
T144,T144SAT,SFT,6:55:00,Saturday,6:55:00,Saturday,CRV,1
T145,T145SA,CRV,9:37:00,Saturday,9:37:00,Saturday,ENF,1
T145,T145SACRV,CRV,9:37:00,Saturday,9:37:00,Saturday,ENF,1
T145,T145ENF,ENF,20:36:00,Monday,20:36:00,Monday,SFT,2
T145,T145FR,ENF,20:36:00,Friday,20:36:00,Friday,SFT,2
T145,t145mon,ENF,20:36:00,Monday,20:36:00,Monday,SFT,2
T145,T145SA,ENF,10:31:00,Saturday,10:31:00,Saturday,SFT,2
T145,T145SAENF,ENF,10:31:00,Saturday,10:31:00,Saturday,SFT,2
T145,T145TH,ENF,20:36:00,Thursday,20:36:00,Thursday,SFT,2
T145,T145TU,ENF,20:36:00,Tuesday,20:36:00,Tuesday,SFT,2
T145,T145WE,ENF,20:36:00,Wednesday,20:36:00,Wednesday,SFT,2
T146,T145MO,SFT,21:22:00,Monday,21:22:00,Monday,ENF,1
T146,T146FR,SFT,21:22:00,Friday,21:22:00,Friday,ENF,1
T146,T146MO,SFT,21:21:00,Monday,21:21:00,Monday,ENF,1
T146,T146TH,SFT,21:22:00,Thursday,21:22:00,Thursday,ENF,1
T146,T146TU,SFT,21:27:00,Tuesday,21:27:00,Tuesday,ENF,1
T146,T146WE,SFT,21:22:00,Wednesday,21:22:00,Wednesday,ENF,1
T146,t146sat,SAT,21:21:00,Saturday,21:21:00,Saturday,ENF,2
T148,T148B,SFT,9:15:00,Monday,9:15:00,Monday,LHF,1
T148,T148C,SFT,9:15:00,Tuesday,9:15:00,Tuesday,LHF,1
T148,T148D,SFT,9:15:00,Wednesday,9:15:00,Wednesday,LHF,1
T148,T148E,SFT,9:15:00,Thursday,9:15:00,Thursday,LHF,1
T148,T148F,SFT,9:15:00,Friday,9:15:00,Friday,LHF,1
T149,T149B,LHF,12:00:00,Monday,12:00:00,Monday,SFT,1
T149,T149C,LHF,12:00:00,Tuesday,12:00:00,Tuesday,SFT,1
T149,T149D,LHF,12:00:00,Wednesday,12:00:00,Wednesday,SFT,1
T149,T149E,LHF,12:00:00,Thursday,12:00:00,Thursday,SFT,1
T149,T149F,LHF,12:00:00,Friday,12:00:00,Friday,SFT,1
T160,T160MON,SFT,12:30:00,Monday,12:30:00,Monday,BOT,1
T160,T160SUN,SFT,16:30:00,Sunday,16:30:00,Sunday,BOT,1
T160,T160WED,SFT,12:30:00,Wednesday,12:30:00,Wednesday,BOT,1
T160A,T160ASFT,SFT,16:30:00,Sunday,16:30:00,Sunday,BOT,1
T160B,T160BSFT,SFT,12:30:00,Monday,12:30:00,Monday,BOT,1
T161,T161MON,BOT,16:30:00,Monday,16:30:00,Monday,SFT,1
T161,T161SUN,BOT,21:00:00,Sunday,21:00:00,Sunday,SFT,1
T161,T161WED,BOT,16:30:00,Wednesday,16:30:00,Wednesday,SFT,1
6MP4,6MP4WEK,WEK,12:00:00,Sunday,12:00:00,Monday,PFT,6
7PM5,7pm5TLB,TLB,12:13:00,Tuesday,12:13:00,Wednesday,MFT,5
